,scenario,year,epsilon [%],demand [Mt],region,tech,meoh [Mt],elec [TWh],net-zero GWP [Mt],GWP reduction [Mt]
0,PkBudg500,2040,0.099894,20,CHA,DAC,0,0,0,0
1,PkBudg500,2040,0.099894,20,USA,DAC,0.628684472,0,0,0
2,PkBudg500,2040,0.099894,20,IND,DAC,0.464260449,0,0,0
3,PkBudg500,2040,0.099894,20,LAM,PSC,0.009011508,0,0,0
4,PkBudg500,2040,0.099894,20,SSA,PSC,0.264880064,0,0,0
5,PkBudg500,2040,0.099894,20,CAZ,PSC,0.00753335,0,0,0
6,PkBudg500,2040,0.099894,20,REF,PSC,0.217721323,0,0,0
7,PkBudg500,2040,0.099894,20,SSA,DAC,0,0,0,0
8,PkBudg500,2040,0.099894,20,JPN,PSC,0.010929466,0,0,0
9,PkBudg500,2040,0.099894,20,CHA,PSC,1.624965712,0,0,0
10,PkBudg500,2040,0.099894,20,CAZ,DAC,0.130731746,0,0,0
11,PkBudg500,2040,0.099894,20,JPN,DAC,0.103242977,0,0,0
12,PkBudg500,2040,0.099894,20,REF,DAC,0,0,0,0
13,PkBudg500,2040,0.099894,20,NEU,PSC,0.081785139,0,0,0
14,PkBudg500,2040,0.099894,20,EUR,PSC,0.166247387,0,0,0
15,PkBudg500,2040,0.099894,20,MEA,PSC,0.455200619,0,0,0
16,PkBudg500,2040,0.099894,20,NEU,DAC,0,0,0,0
17,PkBudg500,2040,0.099894,20,LAM,DAC,0.354390458,0,0,0
18,PkBudg500,2040,0.099894,20,EUR,DAC,0.390841512,0,0,0
19,PkBudg500,2040,0.099894,20,USA,PSC,0.03976961,0,0,0
20,PkBudg500,2040,0.099894,20,IND,PSC,0.012934686,0,0,0
21,PkBudg500,2040,0.099894,20,OAS,PSC,0.752473532,0,0,0
22,PkBudg500,2040,0.099894,20,MEA,DAC,0,0,0,0
23,PkBudg500,2040,0.099894,20,OAS,DAC,0,0,0,0
24,PkBudg500,2040,0.099894,20,methanol production,BAU,16.05472327,50.22707405,11.77167581,11.77186619
25,PkBudg500,2040,0.150455,30,SSA,PSC,0.39878265,0,0,0
26,PkBudg500,2040,0.150455,30,USA,DAC,0.963439718,0,0,0
27,PkBudg500,2040,0.150455,30,EUR,DAC,0.657949165,0,0,0
28,PkBudg500,2040,0.150455,30,CAZ,DAC,0.200052681,0,0,0
29,PkBudg500,2040,0.150455,30,CHA,DAC,0,0,0,0
30,PkBudg500,2040,0.150455,30,OAS,DAC,0,0,0,0
31,PkBudg500,2040,0.150455,30,MEA,DAC,0,0,0,0
32,PkBudg500,2040,0.150455,30,LAM,DAC,0.537581816,0,0,0
33,PkBudg500,2040,0.150455,30,IND,PSC,0.012941219,0,0,0
34,PkBudg500,2040,0.150455,30,REF,PSC,0.300797139,0,0,0
35,PkBudg500,2040,0.150455,30,USA,PSC,0.039789698,0,0,0
36,PkBudg500,2040,0.150455,30,OAS,PSC,1.133337089,0,0,0
37,PkBudg500,2040,0.150455,30,IND,DAC,0.704727813,0,0,0
38,PkBudg500,2040,0.150455,30,EUR,PSC,0.166355361,0,0,0
39,PkBudg500,2040,0.150455,30,MEA,PSC,0.685602275,0,0,0
40,PkBudg500,2040,0.150455,30,NEU,PSC,0.123201258,0,0,0
41,PkBudg500,2040,0.150455,30,NEU,DAC,0,0,0,0
42,PkBudg500,2040,0.150455,30,JPN,PSC,0.010934986,0,0,0
43,PkBudg500,2040,0.150455,30,LAM,PSC,0.00901606,0,0,0
44,PkBudg500,2040,0.150455,30,REF,DAC,0.0225139,0,0,0
45,PkBudg500,2040,0.150455,30,JPN,DAC,0.160039403,0,0,0
46,PkBudg500,2040,0.150455,30,CHA,PSC,2.447387868,0,0,0
47,PkBudg500,2040,0.150455,30,SSA,DAC,0,0,0,0
48,PkBudg500,2040,0.150455,30,CAZ,PSC,0.007537155,0,0,0
49,PkBudg500,2040,0.150455,30,methanol production,BAU,23.19010737,75.64933257,17.65751372,17.65779116
50,PkBudg500,2040,0.201293,40,LAM,PSC,0.009020636,0,0,0
51,PkBudg500,2040,0.201293,40,OAS,PSC,1.516281136,0,0,0
52,PkBudg500,2040,0.201293,40,CAZ,DAC,0.269757982,0,0,0
53,PkBudg500,2040,0.201293,40,SSA,DAC,0,0,0,0
54,PkBudg500,2040,0.201293,40,EUR,DAC,0.92651303,0,0,0
55,PkBudg500,2040,0.201293,40,EUR,PSC,0.16646382,0,0,0
56,PkBudg500,2040,0.201293,40,MEA,PSC,0.917265216,0,0,0
57,PkBudg500,2040,0.201293,40,REF,DAC,0.114241805,0,0,0
58,PkBudg500,2040,0.201293,40,IND,PSC,0.012947789,0,0,0
59,PkBudg500,2040,0.201293,40,USA,PSC,0.039809895,0,0,0
60,PkBudg500,2040,0.201293,40,MEA,DAC,0,0,0,0
61,PkBudg500,2040,0.201293,40,NEU,PSC,0.164856854,0,0,0
62,PkBudg500,2040,0.201293,40,LAM,DAC,0.721788576,0,0,0
63,PkBudg500,2040,0.201293,40,OAS,DAC,0,0,0,0
64,PkBudg500,2040,0.201293,40,SSA,PSC,0.533415694,0,0,0
65,PkBudg500,2040,0.201293,40,CHA,DAC,0,0,0,0
66,PkBudg500,2040,0.201293,40,JPN,PSC,0.010940537,0,0,0
67,PkBudg500,2040,0.201293,40,REF,PSC,0.300998029,0,0,0
68,PkBudg500,2040,0.201293,40,USA,DAC,1.300060373,0,0,0
69,PkBudg500,2040,0.201293,40,NEU,DAC,0,0,0,0
70,PkBudg500,2040,0.201293,40,JPN,DAC,0.217146957,0,0,0
71,PkBudg500,2040,0.201293,40,CAZ,PSC,0.007540981,0,0,0
72,PkBudg500,2040,0.201293,40,CHA,PSC,3.274323758,0,0,0
73,PkBudg500,2040,0.201293,40,IND,DAC,0.946509472,0,0,0
74,PkBudg500,2040,0.201293,40,methanol production,BAU,30.32398465,101.2104585,23.54335163,23.54356427
75,PkBudg500,2040,0.25213,50,SSA,PSC,0.668048813,0,0,0
76,PkBudg500,2040,0.25213,50,NEU,PSC,0.206512525,0,0,0
77,PkBudg500,2040,0.25213,50,OAS,PSC,1.899225277,0,0,0
78,PkBudg500,2040,0.25213,50,USA,PSC,0.039830093,0,0,0
79,PkBudg500,2040,0.25213,50,MEA,PSC,1.148928225,0,0,0
80,PkBudg500,2040,0.25213,50,SSA,DAC,0,0,0,0
81,PkBudg500,2040,0.25213,50,REF,PSC,0.301198918,0,0,0
82,PkBudg500,2040,0.25213,50,CHA,DAC,0,0,0,0
83,PkBudg500,2040,0.25213,50,CAZ,DAC,0.339463313,0,0,0
84,PkBudg500,2040,0.25213,50,OAS,DAC,0,0,0,0
85,PkBudg500,2040,0.25213,50,NEU,DAC,0,0,0,0
86,PkBudg500,2040,0.25213,50,CAZ,PSC,0.007544807,0,0,0
87,PkBudg500,2040,0.25213,50,EUR,DAC,1.195076881,0,0,0
88,PkBudg500,2040,0.25213,50,USA,DAC,1.636681023,0,0,0
89,PkBudg500,2040,0.25213,50,IND,DAC,1.188291263,0,0,0
90,PkBudg500,2040,0.25213,50,EUR,PSC,0.166572279,0,0,0
91,PkBudg500,2040,0.25213,50,REF,DAC,0.205969735,0,0,0
92,PkBudg500,2040,0.25213,50,IND,PSC,0.012954358,0,0,0
93,PkBudg500,2040,0.25213,50,JPN,PSC,0.010946087,0,0,0
94,PkBudg500,2040,0.25213,50,LAM,DAC,0.905995485,0,0,0
95,PkBudg500,2040,0.25213,50,JPN,DAC,0.274254527,0,0,0
96,PkBudg500,2040,0.25213,50,CHA,PSC,4.101260209,0,0,0
97,PkBudg500,2040,0.25213,50,LAM,PSC,0.009025213,0,0,0
98,PkBudg500,2040,0.25213,50,MEA,DAC,0,0,0,0
99,PkBudg500,2040,0.25213,50,methanol production,BAU,37.45786071,126.7715887,29.42918954,29.42935376
100,PkBudg500,2040,0.303157,60,CAZ,PSC,0.007548647,0,0,0
101,PkBudg500,2040,0.303157,60,NEU,PSC,0.248331704,0,0,0
102,PkBudg500,2040,0.303157,60,EUR,PSC,0.166681073,0,0,0
103,PkBudg500,2040,0.303157,60,NEU,DAC,0,0,0,0
104,PkBudg500,2040,0.303157,60,EUR,DAC,1.464638945,0,0,0
105,PkBudg500,2040,0.303157,60,USA,DAC,1.974545945,0,0,0
106,PkBudg500,2040,0.303157,60,MEA,DAC,0,0,0,0
107,PkBudg500,2040,0.303157,60,USA,PSC,0.039850366,0,0,0
108,PkBudg500,2040,0.303157,60,IND,PSC,0.012960951,0,0,0
109,PkBudg500,2040,0.303157,60,CHA,PSC,4.931278263,0,0,0
110,PkBudg500,2040,0.303157,60,JPN,PSC,0.010951659,0,0,0
111,PkBudg500,2040,0.303157,60,CAZ,DAC,0.409427655,0,0,0
112,PkBudg500,2040,0.303157,60,OAS,PSC,2.283598353,0,0,0
113,PkBudg500,2040,0.303157,60,LAM,DAC,1.090890707,0,0,0
114,PkBudg500,2040,0.303157,60,LAM,PSC,0.009029807,0,0,0
115,PkBudg500,2040,0.303157,60,JPN,DAC,0.331575776,0,0,0
116,PkBudg500,2040,0.303157,60,OAS,DAC,0,0,0,0
117,PkBudg500,2040,0.303157,60,SSA,DAC,0.04943998,0,0,0
118,PkBudg500,2040,0.303157,60,REF,DAC,0.298040192,0,0,0
119,PkBudg500,2040,0.303157,60,IND,DAC,1.430975569,0,0,0
120,PkBudg500,2040,0.303157,60,SSA,PSC,0.7444319,0,0,0
121,PkBudg500,2040,0.303157,60,MEA,PSC,1.381455963,0,0,0
122,PkBudg500,2040,0.303157,60,CHA,DAC,0,0,0,0
123,PkBudg500,2040,0.303157,60,REF,PSC,0.301400416,0,0,0
124,PkBudg500,2040,0.303157,60,methanol production,BAU,44.59036212,152.4281056,35.31502744,35.31520736
125,PkBudg500,2040,0.354444,70,CAZ,DAC,0.479747316,0,0,0
126,PkBudg500,2040,0.354444,70,LAM,DAC,1.276730081,0,0,0
127,PkBudg500,2040,0.354444,70,USA,PSC,0.039870742,0,0,0
128,PkBudg500,2040,0.354444,70,OAS,PSC,2.669931143,0,0,0
129,PkBudg500,2040,0.354444,70,REF,DAC,0.390580405,0,0,0
130,PkBudg500,2040,0.354444,70,JPN,PSC,0.010957259,0,0,0
131,PkBudg500,2040,0.354444,70,NEU,DAC,0,0,0,0
132,PkBudg500,2040,0.354444,70,MEA,DAC,0,0,0,0
133,PkBudg500,2040,0.354444,70,IND,DAC,1.674897774,0,0,0
134,PkBudg500,2040,0.354444,70,REF,PSC,0.301602747,0,0,0
135,PkBudg500,2040,0.354444,70,CAZ,PSC,0.007552507,0,0,0
136,PkBudg500,2040,0.354444,70,EUR,PSC,0.166790329,0,0,0
137,PkBudg500,2040,0.354444,70,USA,DAC,2.314117872,0,0,0
138,PkBudg500,2040,0.354444,70,OAS,DAC,0,0,0,0
139,PkBudg500,2040,0.354444,70,CHA,DAC,0,0,0,0
140,PkBudg500,2040,0.354444,70,NEU,PSC,0.290374747,0,0,0
141,PkBudg500,2040,0.354444,70,SSA,PSC,0.744812544,0,0,0
142,PkBudg500,2040,0.354444,70,LAM,PSC,0.009034424,0,0,0
143,PkBudg500,2040,0.354444,70,CHA,PSC,5.765523556,0,0,0
144,PkBudg500,2040,0.354444,70,IND,PSC,0.012967578,0,0,0
145,PkBudg500,2040,0.354444,70,JPN,DAC,0.38919004,0,0,0
146,PkBudg500,2040,0.354444,70,SSA,DAC,0.163415296,0,0,0
147,PkBudg500,2040,0.354444,70,MEA,PSC,1.615169656,0,0,0
148,PkBudg500,2040,0.354444,70,EUR,DAC,1.735570026,0,0,0
149,PkBudg500,2040,0.354444,70,methanol production,BAU,51.72036119,178.2154347,41.20086535,41.20260586
150,PkBudg500,2040,0.405717,80,LAM,DAC,1.462519278,0,0,0
151,PkBudg500,2040,0.405717,80,CHA,PSC,6.599543786,0,0,0
152,PkBudg500,2040,0.405717,80,NEU,PSC,0.332406391,0,0,0
153,PkBudg500,2040,0.405717,80,SSA,DAC,0.277360248,0,0,0
154,PkBudg500,2040,0.405717,80,REF,DAC,0.483095669,0,0,0
155,PkBudg500,2040,0.405717,80,JPN,PSC,0.010962857,0,0,0
156,PkBudg500,2040,0.405717,80,JPN,DAC,0.446788774,0,0,0
157,PkBudg500,2040,0.405717,80,NEU,DAC,0,0,0,0
158,PkBudg500,2040,0.405717,80,REF,PSC,0.301805032,0,0,0
159,PkBudg500,2040,0.405717,80,CAZ,DAC,0.550048018,0,0,0
160,PkBudg500,2040,0.405717,80,SSA,PSC,0.745193085,0,0,0
161,PkBudg500,2040,0.405717,80,OAS,DAC,0,0,0,0
162,PkBudg500,2040,0.405717,80,CAZ,PSC,0.007556366,0,0,0
163,PkBudg500,2040,0.405717,80,USA,PSC,0.039891113,0,0,0
164,PkBudg500,2040,0.405717,80,MEA,PSC,1.848820349,0,0,0
165,PkBudg500,2040,0.405717,80,IND,PSC,0.012974204,0,0,0
166,PkBudg500,2040,0.405717,80,OAS,PSC,3.056159814,0,0,0
167,PkBudg500,2040,0.405717,80,EUR,DAC,2.006428227,0,0,0
168,PkBudg500,2040,0.405717,80,IND,DAC,1.918754171,0,0,0
169,PkBudg500,2040,0.405717,80,MEA,DAC,0,0,0,0
170,PkBudg500,2040,0.405717,80,LAM,PSC,0.00903904,0,0,0
171,PkBudg500,2040,0.405717,80,USA,DAC,2.653598403,0,0,0
172,PkBudg500,2040,0.405717,80,EUR,PSC,0.166899559,0,0,0
173,PkBudg500,2040,0.405717,80,CHA,DAC,0,0,0,0
174,PkBudg500,2040,0.405717,80,methanol production,BAU,58.85113387,203.9958167,47.08670326,47.08843042
175,PkBudg500,2040,0.456991,90,SSA,DAC,0.391305516,0,0,0
176,PkBudg500,2040,0.456991,90,OAS,PSC,3.442389512,0,0,0
177,PkBudg500,2040,0.456991,90,USA,PSC,0.039911484,0,0,0
178,PkBudg500,2040,0.456991,90,LAM,PSC,0.009043656,0,0,0
179,PkBudg500,2040,0.456991,90,EUR,DAC,2.277287107,0,0,0
180,PkBudg500,2040,0.456991,90,LAM,DAC,1.648309022,0,0,0
181,PkBudg500,2040,0.456991,90,JPN,DAC,0.504387661,0,0,0
182,PkBudg500,2040,0.456991,90,MEA,DAC,0,0,0,0
183,PkBudg500,2040,0.456991,90,REF,PSC,0.302007317,0,0,0
184,PkBudg500,2040,0.456991,90,REF,DAC,0.575611181,0,0,0
185,PkBudg500,2040,0.456991,90,JPN,PSC,0.010968455,0,0,0
186,PkBudg500,2040,0.456991,90,CAZ,DAC,0.620348915,0,0,0
187,PkBudg500,2040,0.456991,90,CHA,PSC,7.433566404,0,0,0
188,PkBudg500,2040,0.456991,90,CAZ,PSC,0.007560225,0,0,0
189,PkBudg500,2040,0.456991,90,IND,PSC,0.012980829,0,0,0
190,PkBudg500,2040,0.456991,90,NEU,DAC,0,0,0,0
191,PkBudg500,2040,0.456991,90,USA,DAC,2.993079791,0,0,0
192,PkBudg500,2040,0.456991,90,CHA,DAC,0,0,0,0
193,PkBudg500,2040,0.456991,90,IND,DAC,2.162611253,0,0,0
194,PkBudg500,2040,0.456991,90,NEU,PSC,0.374438181,0,0,0
195,PkBudg500,2040,0.456991,90,SSA,PSC,0.745573628,0,0,0
196,PkBudg500,2040,0.456991,90,OAS,DAC,0,0,0,0
197,PkBudg500,2040,0.456991,90,MEA,PSC,2.082471669,0,0,0
198,PkBudg500,2040,0.456991,90,EUR,PSC,0.167008789,0,0,0
199,PkBudg500,2040,0.456991,90,methanol production,BAU,65.98189866,229.7762661,52.97254117,52.97427784
200,PkBudg500,2040,0.508264,100,LAM,DAC,1.834099001,0,0,0
201,PkBudg500,2040,0.508264,100,NEU,PSC,0.416470024,0,0,0
202,PkBudg500,2040,0.508264,100,OAS,PSC,3.8286197,0,0,0
203,PkBudg500,2040,0.508264,100,IND,PSC,0.012987455,0,0,0
204,PkBudg500,2040,0.508264,100,EUR,PSC,0.16711802,0,0,0
205,PkBudg500,2040,0.508264,100,MEA,DAC,0,0,0,0
206,PkBudg500,2040,0.508264,100,CAZ,DAC,0.6906499,0,0,0
207,PkBudg500,2040,0.508264,100,EUR,DAC,2.548146331,0,0,0
208,PkBudg500,2040,0.508264,100,JPN,PSC,0.010974054,0,0,0
209,PkBudg500,2040,0.508264,100,CAZ,PSC,0.007564083,0,0,0
210,PkBudg500,2040,0.508264,100,CHA,DAC,0,0,0,0
211,PkBudg500,2040,0.508264,100,USA,PSC,0.039931855,0,0,0
212,PkBudg500,2040,0.508264,100,SSA,DAC,0.505250928,0,0,0
213,PkBudg500,2040,0.508264,100,REF,PSC,0.302209603,0,0,0
214,PkBudg500,2040,0.508264,100,SSA,PSC,0.745954171,0,0,0
215,PkBudg500,2040,0.508264,100,LAM,PSC,0.009048272,0,0,0
216,PkBudg500,2040,0.508264,100,OAS,DAC,0,0,0,0
217,PkBudg500,2040,0.508264,100,IND,DAC,2.406468645,0,0,0
218,PkBudg500,2040,0.508264,100,MEA,PSC,2.316123286,0,0,0
219,PkBudg500,2040,0.508264,100,USA,DAC,3.332561609,0,0,0
220,PkBudg500,2040,0.508264,100,REF,DAC,0.668126809,0,0,0
221,PkBudg500,2040,0.508264,100,NEU,DAC,0,0,0,0
222,PkBudg500,2040,0.508264,100,JPN,DAC,0.561986623,0,0,0
223,PkBudg500,2040,0.508264,100,CHA,PSC,8.267590079,0,0,0
224,PkBudg500,2040,0.508264,100,methanol production,BAU,73.11265982,255.5567483,58.85837907,58.8601326
225,PkBudg500,2040,0.559538,110,IND,DAC,2.650326275,0,0,0
226,PkBudg500,2040,0.559538,110,CAZ,PSC,0.007567942,0,0,0
227,PkBudg500,2040,0.559538,110,OAS,DAC,0,0,0,0
228,PkBudg500,2040,0.559538,110,OAS,PSC,4.214850266,0,0,0
229,PkBudg500,2040,0.559538,110,LAM,PSC,0.009052887,0,0,0
230,PkBudg500,2040,0.559538,110,NEU,PSC,0.458501908,0,0,0
231,PkBudg500,2040,0.559538,110,USA,PSC,0.039952226,0,0,0
232,PkBudg500,2040,0.559538,110,LAM,DAC,2.019889162,0,0,0
233,PkBudg500,2040,0.559538,110,MEA,DAC,0,0,0,0
234,PkBudg500,2040,0.559538,110,CHA,DAC,0,0,0,0
235,PkBudg500,2040,0.559538,110,CAZ,DAC,0.760950954,0,0,0
236,PkBudg500,2040,0.559538,110,JPN,PSC,0.010979652,0,0,0
237,PkBudg500,2040,0.559538,110,EUR,PSC,0.16722725,0,0,0
238,PkBudg500,2040,0.559538,110,REF,PSC,0.302411889,0,0,0
239,PkBudg500,2040,0.559538,110,SSA,PSC,0.746334714,0,0,0
240,PkBudg500,2040,0.559538,110,USA,DAC,3.672043759,0,0,0
241,PkBudg500,2040,0.559538,110,JPN,DAC,0.61958564,0,0,0
242,PkBudg500,2040,0.559538,110,SSA,DAC,0.619196449,0,0,0
243,PkBudg500,2040,0.559538,110,MEA,PSC,2.549775131,0,0,0
244,PkBudg500,2040,0.559538,110,REF,DAC,0.760642528,0,0,0
245,PkBudg500,2040,0.559538,110,EUR,DAC,2.819005819,0,0,0
246,PkBudg500,2040,0.559538,110,NEU,DAC,0,0,0,0
247,PkBudg500,2040,0.559538,110,CHA,PSC,9.101614569,0,0,0
248,PkBudg500,2040,0.559538,110,IND,PSC,0.01299408,0,0,0
249,PkBudg500,2040,0.559538,110,methanol production,BAU,80.24341818,281.3372556,64.74421698,64.74599301
250,PkBudg500,2040,0.610812,120,REF,PSC,0.302614174,0,0,0
251,PkBudg500,2040,0.610812,120,USA,PSC,0.039972597,0,0,0
252,PkBudg500,2040,0.610812,120,CHA,PSC,9.935639589,0,0,0
253,PkBudg500,2040,0.610812,120,OAS,PSC,4.601081077,0,0,0
254,PkBudg500,2040,0.610812,120,MEA,PSC,2.783427125,0,0,0
255,PkBudg500,2040,0.610812,120,MEA,DAC,0,0,0,0
256,PkBudg500,2040,0.610812,120,EUR,PSC,0.16733648,0,0,0
257,PkBudg500,2040,0.610812,120,IND,PSC,0.013000706,0,0,0
258,PkBudg500,2040,0.610812,120,CHA,DAC,0,0,0,0
259,PkBudg500,2040,0.610812,120,SSA,DAC,0.733142041,0,0,0
260,PkBudg500,2040,0.610812,120,JPN,PSC,0.01098525,0,0,0
261,PkBudg500,2040,0.610812,120,EUR,DAC,3.08986548,0,0,0
262,PkBudg500,2040,0.610812,120,SSA,PSC,0.746715258,0,0,0
263,PkBudg500,2040,0.610812,120,LAM,DAC,2.205679441,0,0,0
264,PkBudg500,2040,0.610812,120,CAZ,PSC,0.007571801,0,0,0
265,PkBudg500,2040,0.610812,120,JPN,DAC,0.677184694,0,0,0
266,PkBudg500,2040,0.610812,120,IND,DAC,2.89418406,0,0,0
267,PkBudg500,2040,0.610812,120,OAS,DAC,0,0,0,0
268,PkBudg500,2040,0.610812,120,LAM,PSC,0.009057503,0,0,0
269,PkBudg500,2040,0.610812,120,CAZ,DAC,0.831252053,0,0,0
270,PkBudg500,2040,0.610812,120,USA,DAC,4.011526124,0,0,0
271,PkBudg500,2040,0.610812,120,NEU,PSC,0.500533819,0,0,0
272,PkBudg500,2040,0.610812,120,REF,DAC,0.853158306,0,0,0
273,PkBudg500,2040,0.610812,120,NEU,DAC,0,0,0,0
274,PkBudg500,2040,0.610812,120,methanol production,BAU,87.37417471,307.1177793,70.63005489,70.6318571
275,PkBudg500,2040,0.662085,130,SSA,DAC,0.847087673,0,0,0
276,PkBudg500,2040,0.662085,130,OAS,PSC,4.987312023,0,0,0
277,PkBudg500,2040,0.662085,130,LAM,DAC,2.391469785,0,0,0
278,PkBudg500,2040,0.662085,130,EUR,PSC,0.167445711,0,0,0
279,PkBudg500,2040,0.662085,130,CAZ,DAC,0.901553176,0,0,0
280,PkBudg500,2040,0.662085,130,USA,PSC,0.039992968,0,0,0
281,PkBudg500,2040,0.662085,130,LAM,PSC,0.009062119,0,0,0
282,PkBudg500,2040,0.662085,130,SSA,PSC,0.747095801,0,0,0
283,PkBudg500,2040,0.662085,130,CAZ,PSC,0.00757566,0,0,0
284,PkBudg500,2040,0.662085,130,EUR,DAC,3.360725234,0,0,0
285,PkBudg500,2040,0.662085,130,JPN,PSC,0.010990849,0,0,0
286,PkBudg500,2040,0.662085,130,CHA,DAC,0,0,0,0
287,PkBudg500,2040,0.662085,130,MEA,DAC,0,0,0,0
288,PkBudg500,2040,0.662085,130,MEA,PSC,3.0170792,0,0,0
289,PkBudg500,2040,0.662085,130,IND,PSC,0.013007331,0,0,0
290,PkBudg500,2040,0.662085,130,REF,DAC,0.945674116,0,0,0
291,PkBudg500,2040,0.662085,130,IND,DAC,3.13804193,0,0,0
292,PkBudg500,2040,0.662085,130,CHA,PSC,10.7696649,0,0,0
293,PkBudg500,2040,0.662085,130,USA,DAC,4.351008608,0,0,0
294,PkBudg500,2040,0.662085,130,NEU,DAC,0,0,0,0
295,PkBudg500,2040,0.662085,130,JPN,DAC,0.734783768,0,0,0
296,PkBudg500,2040,0.662085,130,NEU,PSC,0.542565745,0,0,0
297,PkBudg500,2040,0.662085,130,OAS,DAC,0,0,0,0
298,PkBudg500,2040,0.662085,130,REF,PSC,0.30281646,0,0,0
299,PkBudg500,2040,0.662085,130,methanol production,BAU,94.50493024,332.898312,76.5158928,76.51772321
300,PkBudg500,2040,0.713359,140,LAM,DAC,2.577260169,0,0,0
301,PkBudg500,2040,0.713359,140,CAZ,DAC,0.971854315,0,0,0
302,PkBudg500,2040,0.713359,140,CAZ,PSC,0.007579518,0,0,0
303,PkBudg500,2040,0.713359,140,LAM,PSC,0.009066735,0,0,0
304,PkBudg500,2040,0.713359,140,USA,PSC,0.040013339,0,0,0
305,PkBudg500,2040,0.713359,140,IND,PSC,0.013013957,0,0,0
306,PkBudg500,2040,0.713359,140,JPN,DAC,0.792382854,0,0,0
307,PkBudg500,2040,0.713359,140,NEU,DAC,0,0,0,0
308,PkBudg500,2040,0.713359,140,REF,PSC,0.303018746,0,0,0
309,PkBudg500,2040,0.713359,140,OAS,PSC,5.373543052,0,0,0
310,PkBudg500,2040,0.713359,140,USA,DAC,4.690491166,0,0,0
311,PkBudg500,2040,0.713359,140,MEA,PSC,3.250731326,0,0,0
312,PkBudg500,2040,0.713359,140,EUR,DAC,3.631585048,0,0,0
313,PkBudg500,2040,0.713359,140,CHA,DAC,0,0,0,0
314,PkBudg500,2040,0.713359,140,OAS,DAC,0,0,0,0
315,PkBudg500,2040,0.713359,140,SSA,PSC,0.747476345,0,0,0
316,PkBudg500,2040,0.713359,140,REF,DAC,1.038189947,0,0,0
317,PkBudg500,2040,0.713359,140,MEA,DAC,0,0,0,0
318,PkBudg500,2040,0.713359,140,SSA,DAC,0.96103333,0,0,0
319,PkBudg500,2040,0.713359,140,NEU,PSC,0.58459768,0,0,0
320,PkBudg500,2040,0.713359,140,IND,DAC,3.381899853,0,0,0
321,PkBudg500,2040,0.713359,140,JPN,PSC,0.010996447,0,0,0
322,PkBudg500,2040,0.713359,140,CHA,PSC,11.60369039,0,0,0
323,PkBudg500,2040,0.713359,140,EUR,PSC,0.167554941,0,0,0
324,PkBudg500,2040,0.713359,140,methanol production,BAU,101.6356852,358.6788503,82.4017307,82.40359057
325,PkBudg500,2040,0.764751,150,SSA,PSC,0.747857768,0,0,0
326,PkBudg500,2040,0.764751,150,REF,PSC,0.303221415,0,0,0
327,PkBudg500,2040,0.764751,150,LAM,DAC,2.763484456,0,0,0
328,PkBudg500,2040,0.764751,150,JPN,DAC,0.850115316,0,0,0
329,PkBudg500,2040,0.764751,150,EUR,DAC,3.903070326,0,0,0
330,PkBudg500,2040,0.764751,150,JPN,PSC,0.011002058,0,0,0
331,PkBudg500,2040,0.764751,150,USA,PSC,0.040033757,0,0,0
332,PkBudg500,2040,0.764751,150,SSA,DAC,1.075241222,0,0,0
333,PkBudg500,2040,0.764751,150,MEA,PSC,3.457849452,0,0,0
334,PkBudg500,2040,0.764751,150,OAS,DAC,0,0,0,0
335,PkBudg500,2040,0.764751,150,MEA,DAC,0.022574324,0,0,0
336,PkBudg500,2040,0.764751,150,NEU,PSC,0.62673094,0,0,0
337,PkBudg500,2040,0.764751,150,IND,DAC,3.626321502,0,0,0
338,PkBudg500,2040,0.764751,150,OAS,PSC,5.760666542,0,0,0
339,PkBudg500,2040,0.764751,150,CAZ,PSC,0.007583386,0,0,0
340,PkBudg500,2040,0.764751,150,EUR,PSC,0.167664384,0,0,0
341,PkBudg500,2040,0.764751,150,USA,DAC,5.030769363,0,0,0
342,PkBudg500,2040,0.764751,150,IND,PSC,0.013020597,0,0,0
343,PkBudg500,2040,0.764751,150,NEU,DAC,0,0,0,0
344,PkBudg500,2040,0.764751,150,REF,DAC,1.130919865,0,0,0
345,PkBudg500,2040,0.764751,150,CHA,DAC,0,0,0,0
346,PkBudg500,2040,0.764751,150,CAZ,DAC,1.042319993,0,0,0
347,PkBudg500,2040,0.764751,150,LAM,PSC,0.009071362,0,0,0
348,PkBudg500,2040,0.764751,150,CHA,PSC,12.43964897,0,0,0
349,PkBudg500,2040,0.764751,150,methanol production,BAU,108.7642806,384.5189485,88.28756861,88.29254593
350,PkBudg500,2040,0.817066,160,MEA,PSC,3.459644689,0,0,0
351,PkBudg500,2040,0.817066,160,SSA,DAC,1.191495659,0,0,0
352,PkBudg500,2040,0.817066,160,LAM,PSC,0.009076071,0,0,0
353,PkBudg500,2040,0.817066,160,USA,DAC,5.377284298,0,0,0
354,PkBudg500,2040,0.817066,160,OAS,PSC,6.154734442,0,0,0
355,PkBudg500,2040,0.817066,160,EUR,DAC,4.179420963,0,0,0
356,PkBudg500,2040,0.817066,160,NEU,DAC,0,0,0,0
357,PkBudg500,2040,0.817066,160,CHA,PSC,13.21784547,0,0,0
358,PkBudg500,2040,0.817066,160,IND,DAC,3.875130751,0,0,0
359,PkBudg500,2040,0.817066,160,OAS,DAC,0,0,0,0
360,PkBudg500,2040,0.817066,160,IND,PSC,0.013027357,0,0,0
361,PkBudg500,2040,0.817066,160,CAZ,DAC,1.114074281,0,0,0
362,PkBudg500,2040,0.817066,160,NEU,PSC,0.669666816,0,0,0
363,PkBudg500,2040,0.817066,160,JPN,DAC,0.908883727,0,0,0
364,PkBudg500,2040,0.817066,160,CAZ,PSC,0.007587323,0,0,0
365,PkBudg500,2040,0.817066,160,SSA,PSC,0.748246039,0,0,0
366,PkBudg500,2040,0.817066,160,EUR,PSC,0.167775454,0,0,0
367,PkBudg500,2040,0.817066,160,JPN,PSC,0.01100777,0,0,0
368,PkBudg500,2040,0.817066,160,REF,PSC,0.30342703,0,0,0
369,PkBudg500,2040,0.817066,160,LAM,DAC,2.953102122,0,0,0
370,PkBudg500,2040,0.817066,160,CHA,DAC,0.059913692,0,0,0
371,PkBudg500,2040,0.817066,160,REF,DAC,1.225317492,0,0,0
372,PkBudg500,2040,0.817066,160,USA,PSC,0.040054542,0,0,0
373,PkBudg500,2040,0.817066,160,MEA,DAC,0.219852793,0,0,0
374,PkBudg500,2040,0.817066,160,methanol production,BAU,115.88868,410.8229607,94.17340652,94.17603943
375,PkBudg500,2040,0.872359,170,EUR,PSC,0.16789177,0,0,0
376,PkBudg500,2040,0.872359,170,LAM,DAC,3.153668659,0,0,0
377,PkBudg500,2040,0.872359,170,OAS,DAC,0,0,0,0
378,PkBudg500,2040,0.872359,170,NEU,PSC,0.715179144,0,0,0
379,PkBudg500,2040,0.872359,170,IND,PSC,0.013034502,0,0,0
380,PkBudg500,2040,0.872359,170,USA,DAC,5.743910766,0,0,0
381,PkBudg500,2040,0.872359,170,EUR,DAC,4.471517065,0,0,0
382,PkBudg500,2040,0.872359,170,OAS,PSC,6.57124807,0,0,0
383,PkBudg500,2040,0.872359,170,SSA,PSC,0.748656413,0,0,0
384,PkBudg500,2040,0.872359,170,USA,PSC,0.04007651,0,0,0
385,PkBudg500,2040,0.872359,170,REF,PSC,0.303642134,0,0,0
386,PkBudg500,2040,0.872359,170,NEU,DAC,0,0,0,0
387,PkBudg500,2040,0.872359,170,MEA,PSC,3.461542126,0,0,0
388,PkBudg500,2040,0.872359,170,CAZ,DAC,1.189983151,0,0,0
389,PkBudg500,2040,0.872359,170,MEA,DAC,0.428400232,0,0,0
390,PkBudg500,2040,0.872359,170,SSA,DAC,1.314365758,0,0,0
391,PkBudg500,2040,0.872359,170,CHA,PSC,13.22509478,0,0,0
392,PkBudg500,2040,0.872359,170,JPN,PSC,0.011013807,0,0,0
393,PkBudg500,2040,0.872359,170,LAM,PSC,0.009081049,0,0,0
394,PkBudg500,2040,0.872359,170,CAZ,PSC,0.007591484,0,0,0
395,PkBudg500,2040,0.872359,170,CHA,DAC,0.794013717,0,0,0
396,PkBudg500,2040,0.872359,170,IND,DAC,4.138118657,0,0,0
397,PkBudg500,2040,0.872359,170,JPN,DAC,0.971011229,0,0,0
398,PkBudg500,2040,0.872359,170,REF,DAC,1.325100139,0,0,0
399,PkBudg500,2040,0.872359,170,methanol production,BAU,122.9929659,438.6244247,100.0592444,100.0613535
400,PkBudg500,2040,0.927653,180,JPN,PSC,0.011019845,0,0,0
401,PkBudg500,2040,0.927653,180,SSA,DAC,1.437238092,0,0,0
402,PkBudg500,2040,0.927653,180,USA,DAC,6.110543981,0,0,0
403,PkBudg500,2040,0.927653,180,NEU,DAC,0,0,0,0
404,PkBudg500,2040,0.927653,180,CHA,PSC,13.23234422,0,0,0
405,PkBudg500,2040,0.927653,180,EUR,PSC,0.168008087,0,0,0
406,PkBudg500,2040,0.927653,180,OAS,PSC,6.987769366,0,0,0
407,PkBudg500,2040,0.927653,180,CAZ,DAC,1.265893418,0,0,0
408,PkBudg500,2040,0.927653,180,NEU,PSC,0.76069231,0,0,0
409,PkBudg500,2040,0.927653,180,IND,PSC,0.013041647,0,0,0
410,PkBudg500,2040,0.927653,180,MEA,DAC,0.63695151,0,0,0
411,PkBudg500,2040,0.927653,180,MEA,PSC,3.463439598,0,0,0
412,PkBudg500,2040,0.927653,180,CHA,DAC,1.528127248,0,0,0
413,PkBudg500,2040,0.927653,180,JPN,DAC,1.033139874,0,0,0
414,PkBudg500,2040,0.927653,180,REF,DAC,1.424884622,0,0,0
415,PkBudg500,2040,0.927653,180,LAM,DAC,3.354238888,0,0,0
416,PkBudg500,2040,0.927653,180,SSA,PSC,0.749066795,0,0,0
417,PkBudg500,2040,0.927653,180,OAS,DAC,0,0,0,0
418,PkBudg500,2040,0.927653,180,LAM,PSC,0.009086027,0,0,0
419,PkBudg500,2040,0.927653,180,USA,PSC,0.040098478,0,0,0
420,PkBudg500,2040,0.927653,180,REF,PSC,0.303857241,0,0,0
421,PkBudg500,2040,0.927653,180,IND,DAC,4.401111404,0,0,0
422,PkBudg500,2040,0.927653,180,EUR,DAC,4.76361854,0,0,0
423,PkBudg500,2040,0.927653,180,CAZ,PSC,0.007595646,0,0,0
424,PkBudg500,2040,0.927653,180,methanol production,BAU,130.0971984,466.4264005,105.9450823,105.9467741
425,PkBudg500,2040,0.982947,190,REF,PSC,0.304072351,0,0,0
426,PkBudg500,2040,0.982947,190,JPN,PSC,0.011025882,0,0,0
427,PkBudg500,2040,0.982947,190,MEA,PSC,3.465337097,0,0,0
428,PkBudg500,2040,0.982947,190,OAS,PSC,7.404296364,0,0,0
429,PkBudg500,2040,0.982947,190,LAM,DAC,3.554811862,0,0,0
430,PkBudg500,2040,0.982947,190,CAZ,PSC,0.007599807,0,0,0
431,PkBudg500,2040,0.982947,190,NEU,PSC,0.806206098,0,0,0
432,PkBudg500,2040,0.982947,190,EUR,DAC,5.055724012,0,0,0
433,PkBudg500,2040,0.982947,190,NEU,DAC,0,0,0,0
434,PkBudg500,2040,0.982947,190,USA,PSC,0.040120446,0,0,0
435,PkBudg500,2040,0.982947,190,CAZ,DAC,1.341804724,0,0,0
436,PkBudg500,2040,0.982947,190,IND,DAC,4.664107752,0,0,0
437,PkBudg500,2040,0.982947,190,MEA,DAC,0.845505643,0,0,0
438,PkBudg500,2040,0.982947,190,IND,PSC,0.013048792,0,0,0
439,PkBudg500,2040,0.982947,190,JPN,DAC,1.095269371,0,0,0
440,PkBudg500,2040,0.982947,190,REF,DAC,1.524670472,0,0,0
441,PkBudg500,2040,0.982947,190,LAM,PSC,0.009091005,0,0,0
442,PkBudg500,2040,0.982947,190,SSA,DAC,1.560112089,0,0,0
443,PkBudg500,2040,0.982947,190,SSA,PSC,0.749477183,0,0,0
444,PkBudg500,2040,0.982947,190,OAS,DAC,0,0,0,0
445,PkBudg500,2040,0.982947,190,EUR,PSC,0.168124406,0,0,0
446,PkBudg500,2040,0.982947,190,CHA,DAC,2.262250827,0,0,0
447,PkBudg500,2040,0.982947,190,CHA,PSC,13.23959376,0,0,0
448,PkBudg500,2040,0.982947,190,USA,DAC,6.477182215,0,0,0
449,PkBudg500,2040,0.982947,190,methanol production,BAU,137.2013914,494.2287569,111.8309202,111.8322738
450,PkBudg500,2040,1.038243,200,MEA,PSC,3.467234615,0,0,0
451,PkBudg500,2040,1.038243,200,OAS,DAC,0,0,0,0
452,PkBudg500,2040,1.038243,200,LAM,DAC,3.755386949,0,0,0
453,PkBudg500,2040,1.038243,200,JPN,PSC,0.01103192,0,0,0
454,PkBudg500,2040,1.038243,200,SSA,PSC,0.749887575,0,0,0
455,PkBudg500,2040,1.038243,200,LAM,PSC,0.009095983,0,0,0
456,PkBudg500,2040,1.038243,200,REF,PSC,0.304287463,0,0,0
457,PkBudg500,2040,1.038243,200,IND,DAC,4.92710687,0,0,0
458,PkBudg500,2040,1.038243,200,CHA,DAC,2.996382134,0,0,0
459,PkBudg500,2040,1.038243,200,JPN,DAC,1.157399522,0,0,0
460,PkBudg500,2040,1.038243,200,NEU,DAC,0,0,0,0
461,PkBudg500,2040,1.038243,200,SSA,DAC,1.682987365,0,0,0
462,PkBudg500,2040,1.038243,200,CAZ,DAC,1.41771683,0,0,0
463,PkBudg500,2040,1.038243,200,CHA,PSC,13.24684338,0,0,0
464,PkBudg500,2040,1.038243,200,EUR,DAC,5.347832559,0,0,0
465,PkBudg500,2040,1.038243,200,NEU,PSC,0.851720366,0,0,0
466,PkBudg500,2040,1.038243,200,USA,DAC,6.84382431,0,0,0
467,PkBudg500,2040,1.038243,200,IND,PSC,0.013055937,0,0,0
468,PkBudg500,2040,1.038243,200,OAS,PSC,7.82082775,0,0,0
469,PkBudg500,2040,1.038243,200,CAZ,PSC,0.007603969,0,0,0
470,PkBudg500,2040,1.038243,200,REF,DAC,1.624457373,0,0,0
471,PkBudg500,2040,1.038243,200,USA,PSC,0.040142415,0,0,0
472,PkBudg500,2040,1.038243,200,EUR,PSC,0.168240727,0,0,0
473,PkBudg500,2040,1.038243,200,MEA,DAC,1.054061973,0,0,0
474,PkBudg500,2040,1.038243,200,methanol production,BAU,144.3055538,522.0314062,117.7167581,117.7178344
475,PkBudg500,2040,1.093639,210,CAZ,DAC,1.493767188,0,0,0
476,PkBudg500,2040,1.093639,210,EUR,DAC,5.640472903,0,0,0
477,PkBudg500,2040,1.093639,210,LAM,DAC,3.956327368,0,0,0
478,PkBudg500,2040,1.093639,210,REF,DAC,1.724426116,0,0,0
479,PkBudg500,2040,1.093639,210,CAZ,PSC,0.007608138,0,0,0
480,PkBudg500,2040,1.093639,210,USA,PSC,0.040164424,0,0,0
481,PkBudg500,2040,1.093639,210,JPN,PSC,0.011037968,0,0,0
482,PkBudg500,2040,1.093639,210,MEA,DAC,1.262998263,0,0,0
483,PkBudg500,2040,1.093639,210,MEA,PSC,3.46913559,0,0,0
484,PkBudg500,2040,1.093639,210,SSA,PSC,0.750298715,0,0,0
485,PkBudg500,2040,1.093639,210,EUR,PSC,0.168357235,0,0,0
486,PkBudg500,2040,1.093639,210,OAS,DAC,0,0,0,0
487,PkBudg500,2040,1.093639,210,IND,PSC,0.013063096,0,0,0
488,PkBudg500,2040,1.093639,210,JPN,DAC,1.219642867,0,0,0
489,PkBudg500,2040,1.093639,210,NEU,PSC,0.897317558,0,0,0
490,PkBudg500,2040,1.093639,210,OAS,PSC,8.238117994,0,0,0
491,PkBudg500,2040,1.093639,210,NEU,DAC,0,0,0,0
492,PkBudg500,2040,1.093639,210,IND,DAC,5.190585106,0,0,0
493,PkBudg500,2040,1.093639,210,SSA,DAC,1.806083883,0,0,0
494,PkBudg500,2040,1.093639,210,REF,PSC,0.304502913,0,0,0
495,PkBudg500,2040,1.093639,210,LAM,PSC,0.00910097,0,0,0
496,PkBudg500,2040,1.093639,210,CHA,PSC,13.25410621,0,0,0
497,PkBudg500,2040,1.093639,210,USA,DAC,7.211134179,0,0,0
498,PkBudg500,2040,1.093639,210,CHA,DAC,3.731850289,0,0,0
499,PkBudg500,2040,1.093639,210,methanol production,BAU,151.404443,549.8847047,123.6025961,123.6139306
500,PkBudg500,2040,1.148915,220,CAZ,DAC,1.569653347,0,0,0
501,PkBudg500,2040,1.148915,220,JPN,DAC,1.281751775,0,0,0
502,PkBudg500,2040,1.148915,220,EUR,PSC,0.16847352,0,0,0
503,PkBudg500,2040,1.148915,220,SSA,DAC,1.928917639,0,0,0
504,PkBudg500,2040,1.148915,220,OAS,DAC,0,0,0,0
505,PkBudg500,2040,1.148915,220,USA,DAC,7.577650953,0,0,0
506,PkBudg500,2040,1.148915,220,NEU,DAC,0,0,0,0
507,PkBudg500,2040,1.148915,220,LAM,DAC,4.156833893,0,0,0
508,PkBudg500,2040,1.148915,220,OAS,PSC,8.654506965,0,0,0
509,PkBudg500,2040,1.148915,220,CHA,PSC,13.26135334,0,0,0
510,PkBudg500,2040,1.148915,220,EUR,DAC,5.932481647,0,0,0
511,PkBudg500,2040,1.148915,220,SSA,PSC,0.750708966,0,0,0
512,PkBudg500,2040,1.148915,220,NEU,PSC,0.942816264,0,0,0
513,PkBudg500,2040,1.148915,220,IND,PSC,0.013070238,0,0,0
514,PkBudg500,2040,1.148915,220,USA,PSC,0.040186385,0,0,0
515,PkBudg500,2040,1.148915,220,CHA,DAC,4.465730711,0,0,0
516,PkBudg500,2040,1.148915,220,MEA,PSC,3.471032459,0,0,0
517,PkBudg500,2040,1.148915,220,LAM,PSC,0.009105946,0,0,0
518,PkBudg500,2040,1.148915,220,REF,PSC,0.304717961,0,0,0
519,PkBudg500,2040,1.148915,220,IND,DAC,5.453494308,0,0,0
520,PkBudg500,2040,1.148915,220,CAZ,PSC,0.007612298,0,0,0
521,PkBudg500,2040,1.148915,220,MEA,DAC,1.471483286,0,0,0
522,PkBudg500,2040,1.148915,220,REF,DAC,1.824178891,0,0,0
523,PkBudg500,2040,1.148915,220,JPN,PSC,0.011044003,0,0,0
524,PkBudg500,2040,1.148915,220,methanol production,BAU,158.509595,577.6778486,129.488434,129.497514
525,PkBudg500,2040,1.204194,230,REF,DAC,1.923935826,0,0,0
526,PkBudg500,2040,1.204194,230,JPN,PSC,0.011050039,0,0,0
527,PkBudg500,2040,1.204194,230,SSA,PSC,0.751119235,0,0,0
528,PkBudg500,2040,1.204194,230,IND,PSC,0.013077381,0,0,0
529,PkBudg500,2040,1.204194,230,SSA,DAC,2.051756455,0,0,0
530,PkBudg500,2040,1.204194,230,EUR,DAC,6.224502556,0,0,0
531,PkBudg500,2040,1.204194,230,MEA,PSC,3.472929407,0,0,0
532,PkBudg500,2040,1.204194,230,LAM,DAC,4.357348775,0,0,0
533,PkBudg500,2040,1.204194,230,CAZ,PSC,0.007616458,0,0,0
534,PkBudg500,2040,1.204194,230,JPN,DAC,1.343863271,0,0,0
535,PkBudg500,2040,1.204194,230,LAM,PSC,0.009110923,0,0,0
536,PkBudg500,2040,1.204194,230,USA,DAC,7.944183001,0,0,0
537,PkBudg500,2040,1.204194,230,CHA,PSC,13.26860079,0,0,0
538,PkBudg500,2040,1.204194,230,EUR,PSC,0.168589809,0,0,0
539,PkBudg500,2040,1.204194,230,OAS,PSC,9.070913295,0,0,0
540,PkBudg500,2040,1.204194,230,OAS,DAC,0,0,0,0
541,PkBudg500,2040,1.204194,230,CAZ,DAC,1.645542669,0,0,0
542,PkBudg500,2040,1.204194,230,USA,PSC,0.040208347,0,0,0
543,PkBudg500,2040,1.204194,230,MEA,DAC,1.679977001,0,0,0
544,PkBudg500,2040,1.204194,230,NEU,PSC,0.988316866,0,0,0
545,PkBudg500,2040,1.204194,230,NEU,DAC,0,0,0,0
546,PkBudg500,2040,1.204194,230,REF,PSC,0.304933017,0,0,0
547,PkBudg500,2040,1.204194,230,CHA,DAC,5.199641713,0,0,0
548,PkBudg500,2040,1.204194,230,IND,DAC,5.71641447,0,0,0
549,PkBudg500,2040,1.204194,230,methanol production,BAU,165.6146265,605.4721511,135.3742719,135.3813384
550,PkBudg500,2040,1.259475,240,USA,PSC,0.04023031,0,0,0
551,PkBudg500,2040,1.259475,240,MEA,PSC,3.474826427,0,0,0
552,PkBudg500,2040,1.259475,240,CHA,DAC,5.933580083,0,0,0
553,PkBudg500,2040,1.259475,240,CAZ,PSC,0.007620618,0,0,0
554,PkBudg500,2040,1.259475,240,NEU,DAC,0,0,0,0
555,PkBudg500,2040,1.259475,240,USA,DAC,8.310728721,0,0,0
556,PkBudg500,2040,1.259475,240,EUR,DAC,6.516534352,0,0,0
557,PkBudg500,2040,1.259475,240,MEA,DAC,1.888478494,0,0,0
558,PkBudg500,2040,1.259475,240,JPN,PSC,0.011056075,0,0,0
559,PkBudg500,2040,1.259475,240,SSA,PSC,0.751529519,0,0,0
560,PkBudg500,2040,1.259475,240,IND,PSC,0.013084525,0,0,0
561,PkBudg500,2040,1.259475,240,OAS,PSC,9.487335161,0,0,0
562,PkBudg500,2040,1.259475,240,NEU,PSC,1.033819167,0,0,0
563,PkBudg500,2040,1.259475,240,CHA,PSC,13.2758485,0,0,0
564,PkBudg500,2040,1.259475,240,CAZ,DAC,1.721434822,0,0,0
565,PkBudg500,2040,1.259475,240,REF,PSC,0.30514808,0,0,0
566,PkBudg500,2040,1.259475,240,LAM,PSC,0.009115899,0,0,0
567,PkBudg500,2040,1.259475,240,LAM,DAC,4.557871135,0,0,0
568,PkBudg500,2040,1.259475,240,OAS,DAC,0,0,0,0
569,PkBudg500,2040,1.259475,240,JPN,DAC,1.405977086,0,0,0
570,PkBudg500,2040,1.259475,240,EUR,PSC,0.168706102,0,0,0
571,PkBudg500,2040,1.259475,240,REF,DAC,2.023696483,0,0,0
572,PkBudg500,2040,1.259475,240,IND,DAC,5.97934444,0,0,0
573,PkBudg500,2040,1.259475,240,SSA,DAC,2.1745998,0,0,0
574,PkBudg500,2040,1.259475,240,methanol production,BAU,172.71955,633.2674905,141.2601098,141.2653786
575,PkBudg500,2040,1.314757,250,NEU,DAC,0,0,0,0
576,PkBudg500,2040,1.314757,250,JPN,PSC,0.011062111,0,0,0
577,PkBudg500,2040,1.314757,250,USA,DAC,8.677285583,0,0,0
578,PkBudg500,2040,1.314757,250,MEA,DAC,2.096986327,0,0,0
579,PkBudg500,2040,1.314757,250,LAM,PSC,0.009120876,0,0,0
580,PkBudg500,2040,1.314757,250,REF,PSC,0.305363148,0,0,0
581,PkBudg500,2040,1.314757,250,MEA,PSC,3.476723503,0,0,0
582,PkBudg500,2040,1.314757,250,CAZ,DAC,1.797329281,0,0,0
583,PkBudg500,2040,1.314757,250,IND,DAC,6.242282405,0,0,0
584,PkBudg500,2040,1.314757,250,REF,DAC,2.123460175,0,0,0
585,PkBudg500,2040,1.314757,250,NEU,PSC,1.079322851,0,0,0
586,PkBudg500,2040,1.314757,250,CHA,DAC,6.667540759,0,0,0
587,PkBudg500,2040,1.314757,250,USA,PSC,0.040252274,0,0,0
588,PkBudg500,2040,1.314757,250,LAM,DAC,4.758399592,0,0,0
589,PkBudg500,2040,1.314757,250,SSA,DAC,2.297446838,0,0,0
590,PkBudg500,2040,1.314757,250,OAS,PSC,9.903769688,0,0,0
591,PkBudg500,2040,1.314757,250,JPN,DAC,1.468092789,0,0,0
592,PkBudg500,2040,1.314757,250,CAZ,PSC,0.007624779,0,0,0
593,PkBudg500,2040,1.314757,250,IND,PSC,0.013091668,0,0,0
594,PkBudg500,2040,1.314757,250,EUR,PSC,0.168822398,0,0,0
595,PkBudg500,2040,1.314757,250,EUR,DAC,6.808575021,0,0,0
596,PkBudg500,2040,1.314757,250,CHA,PSC,13.28309643,0,0,0
597,PkBudg500,2040,1.314757,250,SSA,PSC,0.751939816,0,0,0
598,PkBudg500,2040,1.314757,250,OAS,DAC,0,0,0,0
599,PkBudg500,2040,1.314757,250,methanol production,BAU,179.8243855,661.0636751,147.1459477,147.1495945
600,PkBudg500,2040,1.370042,260,REF,DAC,2.223228708,0,0,0
601,PkBudg500,2040,1.370042,260,JPN,DAC,1.530211505,0,0,0
602,PkBudg500,2040,1.370042,260,MEA,PSC,3.478620672,0,0,0
603,PkBudg500,2040,1.370042,260,IND,PSC,0.013098812,0,0,0
604,PkBudg500,2040,1.370042,260,CAZ,PSC,0.007628939,0,0,0
605,PkBudg500,2040,1.370042,260,OAS,PSC,10.32022442,0,0,0
606,PkBudg500,2040,1.370042,260,LAM,PSC,0.009125853,0,0,0
607,PkBudg500,2040,1.370042,260,CHA,DAC,7.401537025,0,0,0
608,PkBudg500,2040,1.370042,260,USA,PSC,0.040274239,0,0,0
609,PkBudg500,2040,1.370042,260,USA,DAC,9.043860222,0,0,0
610,PkBudg500,2040,1.370042,260,REF,PSC,0.305578226,0,0,0
611,PkBudg500,2040,1.370042,260,NEU,PSC,1.124828742,0,0,0
612,PkBudg500,2040,1.370042,260,IND,DAC,6.505233124,0,0,0
613,PkBudg500,2040,1.370042,260,JPN,PSC,0.011068147,0,0,0
614,PkBudg500,2040,1.370042,260,NEU,DAC,0,0,0,0
615,PkBudg500,2040,1.370042,260,CAZ,DAC,1.873227421,0,0,0
616,PkBudg500,2040,1.370042,260,CHA,PSC,13.29034471,0,0,0
617,PkBudg500,2040,1.370042,260,SSA,DAC,2.420299765,0,0,0
618,PkBudg500,2040,1.370042,260,EUR,PSC,0.168938699,0,0,0
619,PkBudg500,2040,1.370042,260,LAM,DAC,4.958937774,0,0,0
620,PkBudg500,2040,1.370042,260,MEA,DAC,2.305504275,0,0,0
621,PkBudg500,2040,1.370042,260,OAS,DAC,0,0,0,0
622,PkBudg500,2040,1.370042,260,EUR,DAC,7.100629848,0,0,0
623,PkBudg500,2040,1.370042,260,SSA,PSC,0.752350132,0,0,0
624,PkBudg500,2040,1.370042,260,methanol production,BAU,186.9290806,688.8612079,153.0317856,153.0340909
625,PkBudg500,2040,1.425339,270,EUR,DAC,7.392744168,0,0,0
626,PkBudg500,2040,1.425339,270,JPN,PSC,0.011074185,0,0,0
627,PkBudg500,2040,1.425339,270,USA,DAC,9.410509566,0,0,0
628,PkBudg500,2040,1.425339,270,MEA,PSC,3.480518228,0,0,0
629,PkBudg500,2040,1.425339,270,OAS,DAC,0,0,0,0
630,PkBudg500,2040,1.425339,270,CAZ,DAC,1.949141027,0,0,0
631,PkBudg500,2040,1.425339,270,JPN,DAC,1.592342885,0,0,0
632,PkBudg500,2040,1.425339,270,MEA,DAC,2.51406473,0,0,0
633,PkBudg500,2040,1.425339,270,LAM,DAC,5.159516827,0,0,0
634,PkBudg500,2040,1.425339,270,NEU,PSC,1.170343911,0,0,0
635,PkBudg500,2040,1.425339,270,LAM,PSC,0.009130831,0,0,0
636,PkBudg500,2040,1.425339,270,SSA,DAC,2.543177443,0,0,0
637,PkBudg500,2040,1.425339,270,EUR,PSC,0.169055021,0,0,0
638,PkBudg500,2040,1.425339,270,NEU,DAC,0,0,0,0
639,PkBudg500,2040,1.425339,270,REF,PSC,0.305793341,0,0,0
640,PkBudg500,2040,1.425339,270,REF,DAC,2.323017583,0,0,0
641,PkBudg500,2040,1.425339,270,SSA,PSC,0.752760532,0,0,0
642,PkBudg500,2040,1.425339,270,OAS,PSC,10.73676404,0,0,0
643,PkBudg500,2040,1.425339,270,IND,DAC,6.768237444,0,0,0
644,PkBudg500,2040,1.425339,270,CHA,DAC,8.135682846,0,0,0
645,PkBudg500,2040,1.425339,270,CAZ,PSC,0.007633101,0,0,0
646,PkBudg500,2040,1.425339,270,USA,PSC,0.040296208,0,0,0
647,PkBudg500,2040,1.425339,270,IND,PSC,0.013105957,0,0,0
648,PkBudg500,2040,1.425339,270,CHA,PSC,13.29759447,0,0,0
649,PkBudg500,2040,1.425339,270,methanol production,BAU,194.0331858,716.6644071,158.9176235,158.9197659
650,PkBudg500,2040,1.480635,280,LAM,DAC,5.360096512,0,0,0
651,PkBudg500,2040,1.480635,280,NEU,DAC,0,0,0,0
652,PkBudg500,2040,1.480635,280,IND,PSC,0.013113102,0,0,0
653,PkBudg500,2040,1.480635,280,SSA,DAC,2.666055504,0,0,0
654,PkBudg500,2040,1.480635,280,JPN,PSC,0.011080223,0,0,0
655,PkBudg500,2040,1.480635,280,SSA,PSC,0.753170934,0,0,0
656,PkBudg500,2040,1.480635,280,OAS,PSC,11.15330498,0,0,0
657,PkBudg500,2040,1.480635,280,REF,PSC,0.306008457,0,0,0
658,PkBudg500,2040,1.480635,280,CHA,DAC,8.869830983,0,0,0
659,PkBudg500,2040,1.480635,280,NEU,PSC,1.215859223,0,0,0
660,PkBudg500,2040,1.480635,280,MEA,DAC,2.722625844,0,0,0
661,PkBudg500,2040,1.480635,280,LAM,PSC,0.009135809,0,0,0
662,PkBudg500,2040,1.480635,280,EUR,DAC,7.684859409,0,0,0
663,PkBudg500,2040,1.480635,280,USA,PSC,0.040318177,0,0,0
664,PkBudg500,2040,1.480635,280,CAZ,PSC,0.007637262,0,0,0
665,PkBudg500,2040,1.480635,280,EUR,PSC,0.169171344,0,0,0
666,PkBudg500,2040,1.480635,280,MEA,PSC,3.48241579,0,0,0
667,PkBudg500,2040,1.480635,280,OAS,DAC,0,0,0,0
668,PkBudg500,2040,1.480635,280,CAZ,DAC,2.025054873,0,0,0
669,PkBudg500,2040,1.480635,280,JPN,DAC,1.654474461,0,0,0
670,PkBudg500,2040,1.480635,280,REF,DAC,2.422806774,0,0,0
671,PkBudg500,2040,1.480635,280,USA,DAC,9.777160068,0,0,0
672,PkBudg500,2040,1.480635,280,IND,DAC,7.031242593,0,0,0
673,PkBudg500,2040,1.480635,280,CHA,PSC,13.30484426,0,0,0
674,PkBudg500,2040,1.480635,280,methanol production,BAU,201.1372819,744.4676939,164.8034614,164.8054591
675,PkBudg500,2040,1.535932,290,OAS,DAC,0,0,0,0
676,PkBudg500,2040,1.535932,290,MEA,DAC,2.931187519,0,0,0
677,PkBudg500,2040,1.535932,290,USA,PSC,0.040340147,0,0,0
678,PkBudg500,2040,1.535932,290,JPN,PSC,0.01108626,0,0,0
679,PkBudg500,2040,1.535932,290,IND,PSC,0.013120248,0,0,0
680,PkBudg500,2040,1.535932,290,CAZ,DAC,2.100968923,0,0,0
681,PkBudg500,2040,1.535932,290,CHA,PSC,13.31209406,0,0,0
682,PkBudg500,2040,1.535932,290,CAZ,PSC,0.007641424,0,0,0
683,PkBudg500,2040,1.535932,290,NEU,PSC,1.261374657,0,0,0
684,PkBudg500,2040,1.535932,290,SSA,DAC,2.788933892,0,0,0
685,PkBudg500,2040,1.535932,290,LAM,DAC,5.560676739,0,0,0
686,PkBudg500,2040,1.535932,290,NEU,DAC,0,0,0,0
687,PkBudg500,2040,1.535932,290,JPN,DAC,1.716606204,0,0,0
688,PkBudg500,2040,1.535932,290,SSA,PSC,0.753581336,0,0,0
689,PkBudg500,2040,1.535932,290,USA,DAC,10.14381156,0,0,0
690,PkBudg500,2040,1.535932,290,EUR,DAC,7.976975437,0,0,0
691,PkBudg500,2040,1.535932,290,IND,DAC,7.294248452,0,0,0
692,PkBudg500,2040,1.535932,290,CHA,DAC,9.603981097,0,0,0
693,PkBudg500,2040,1.535932,290,REF,DAC,2.522596233,0,0,0
694,PkBudg500,2040,1.535932,290,MEA,PSC,3.484313356,0,0,0
695,PkBudg500,2040,1.535932,290,LAM,PSC,0.009140788,0,0,0
696,PkBudg500,2040,1.535932,290,OAS,PSC,11.56984704,0,0,0
697,PkBudg500,2040,1.535932,290,REF,PSC,0.306223574,0,0,0
698,PkBudg500,2040,1.535932,290,EUR,PSC,0.169287667,0,0,0
699,PkBudg500,2040,1.535932,290,methanol production,BAU,208.2413701,772.2710557,170.6892993,170.691168
700,PkBudg500,2040,1.591229,300,USA,PSC,0.040362116,0,0,0
701,PkBudg500,2040,1.591229,300,NEU,DAC,0,0,0,0
702,PkBudg500,2040,1.591229,300,SSA,DAC,2.911812562,0,0,0
703,PkBudg500,2040,1.591229,300,IND,DAC,7.557254918,0,0,0
704,PkBudg500,2040,1.591229,300,CAZ,PSC,0.007645585,0,0,0
705,PkBudg500,2040,1.591229,300,EUR,PSC,0.16940399,0,0,0
706,PkBudg500,2040,1.591229,300,REF,PSC,0.306438691,0,0,0
707,PkBudg500,2040,1.591229,300,OAS,DAC,0,0,0,0
708,PkBudg500,2040,1.591229,300,IND,PSC,0.013127393,0,0,0
709,PkBudg500,2040,1.591229,300,JPN,PSC,0.011092298,0,0,0
710,PkBudg500,2040,1.591229,300,SSA,PSC,0.75399174,0,0,0
711,PkBudg500,2040,1.591229,300,CAZ,DAC,2.176883149,0,0,0
712,PkBudg500,2040,1.591229,300,REF,DAC,2.622385924,0,0,0
713,PkBudg500,2040,1.591229,300,OAS,PSC,11.98639007,0,0,0
714,PkBudg500,2040,1.591229,300,CHA,DAC,10.33813291,0,0,0
715,PkBudg500,2040,1.591229,300,JPN,DAC,1.778738091,0,0,0
716,PkBudg500,2040,1.591229,300,CHA,PSC,13.31934388,0,0,0
717,PkBudg500,2040,1.591229,300,USA,DAC,10.51046389,0,0,0
718,PkBudg500,2040,1.591229,300,NEU,PSC,1.306890197,0,0,0
719,PkBudg500,2040,1.591229,300,EUR,DAC,8.26909214,0,0,0
720,PkBudg500,2040,1.591229,300,LAM,PSC,0.009145766,0,0,0
721,PkBudg500,2040,1.591229,300,LAM,DAC,5.761257429,0,0,0
722,PkBudg500,2040,1.591229,300,MEA,PSC,3.486210927,0,0,0
723,PkBudg500,2040,1.591229,300,MEA,DAC,3.139749677,0,0,0
724,PkBudg500,2040,1.591229,300,methanol production,BAU,215.3454517,800.0744818,176.5751372,176.5768902
725,PkBudg500,2040,1.646526,310,USA,DAC,10.87711696,0,0,0
726,PkBudg500,2040,1.646526,310,JPN,DAC,1.840870102,0,0,0
727,PkBudg500,2040,1.646526,310,REF,DAC,2.722175814,0,0,0
728,PkBudg500,2040,1.646526,310,MEA,PSC,3.488108502,0,0,0
729,PkBudg500,2040,1.646526,310,CHA,PSC,13.32659372,0,0,0
730,PkBudg500,2040,1.646526,310,CAZ,PSC,0.007649747,0,0,0
731,PkBudg500,2040,1.646526,310,IND,PSC,0.013134538,0,0,0
732,PkBudg500,2040,1.646526,310,MEA,DAC,3.348312251,0,0,0
733,PkBudg500,2040,1.646526,310,USA,PSC,0.040384086,0,0,0
734,PkBudg500,2040,1.646526,310,NEU,DAC,0,0,0,0
735,PkBudg500,2040,1.646526,310,OAS,PSC,12.40293393,0,0,0
736,PkBudg500,2040,1.646526,310,LAM,DAC,5.961838519,0,0,0
737,PkBudg500,2040,1.646526,310,NEU,PSC,1.352405828,0,0,0
738,PkBudg500,2040,1.646526,310,SSA,PSC,0.754402144,0,0,0
739,PkBudg500,2040,1.646526,310,SSA,DAC,3.034691474,0,0,0
740,PkBudg500,2040,1.646526,310,CAZ,DAC,2.252797526,0,0,0
741,PkBudg500,2040,1.646526,310,EUR,DAC,8.561209426,0,0,0
742,PkBudg500,2040,1.646526,310,REF,PSC,0.306653808,0,0,0
743,PkBudg500,2040,1.646526,310,CHA,DAC,11.07228619,0,0,0
744,PkBudg500,2040,1.646526,310,LAM,PSC,0.009150744,0,0,0
745,PkBudg500,2040,1.646526,310,EUR,PSC,0.169520313,0,0,0
746,PkBudg500,2040,1.646526,310,JPN,PSC,0.011098335,0,0,0
747,PkBudg500,2040,1.646526,310,IND,DAC,7.820261911,0,0,0
748,PkBudg500,2040,1.646526,310,OAS,DAC,0,0,0,0
749,PkBudg500,2040,1.646526,310,methanol production,BAU,222.4495274,827.8779635,182.4609751,182.462624
750,PkBudg500,2040,1.701823,320,IND,PSC,0.013141684,0,0,0
751,PkBudg500,2040,1.701823,320,MEA,PSC,3.49000608,0,0,0
752,PkBudg500,2040,1.701823,320,NEU,DAC,0,0,0,0
753,PkBudg500,2040,1.701823,320,CHA,DAC,11.80644074,0,0,0
754,PkBudg500,2040,1.701823,320,REF,DAC,2.821965877,0,0,0
755,PkBudg500,2040,1.701823,320,CAZ,PSC,0.007653909,0,0,0
756,PkBudg500,2040,1.701823,320,JPN,DAC,1.903002221,0,0,0
757,PkBudg500,2040,1.701823,320,REF,PSC,0.306868926,0,0,0
758,PkBudg500,2040,1.701823,320,MEA,DAC,3.556875188,0,0,0
759,PkBudg500,2040,1.701823,320,SSA,PSC,0.754812549,0,0,0
760,PkBudg500,2040,1.701823,320,EUR,PSC,0.169636637,0,0,0
761,PkBudg500,2040,1.701823,320,CAZ,DAC,2.328712036,0,0,0
762,PkBudg500,2040,1.701823,320,USA,PSC,0.040406055,0,0,0
763,PkBudg500,2040,1.701823,320,LAM,DAC,6.162419958,0,0,0
764,PkBudg500,2040,1.701823,320,SSA,DAC,3.157570596,0,0,0
765,PkBudg500,2040,1.701823,320,USA,DAC,11.24377067,0,0,0
766,PkBudg500,2040,1.701823,320,JPN,PSC,0.011104373,0,0,0
767,PkBudg500,2040,1.701823,320,NEU,PSC,1.397921538,0,0,0
768,PkBudg500,2040,1.701823,320,LAM,PSC,0.009155722,0,0,0
769,PkBudg500,2040,1.701823,320,EUR,DAC,8.853327219,0,0,0
770,PkBudg500,2040,1.701823,320,OAS,PSC,12.81947851,0,0,0
771,PkBudg500,2040,1.701823,320,CHA,PSC,13.33384356,0,0,0
772,PkBudg500,2040,1.701823,320,IND,DAC,8.083269359,0,0,0
773,PkBudg500,2040,1.701823,320,OAS,DAC,0,0,0,0
774,PkBudg500,2040,1.701823,320,methanol production,BAU,229.5535982,855.6814934,188.346813,188.3483678
775,PkBudg500,2040,1.75712,330,REF,PSC,0.307084044,0,0,0
776,PkBudg500,2040,1.75712,330,IND,PSC,0.013148829,0,0,0
777,PkBudg500,2040,1.75712,330,IND,DAC,8.346277205,0,0,0
778,PkBudg500,2040,1.75712,330,MEA,DAC,3.76543844,0,0,0
779,PkBudg500,2040,1.75712,330,JPN,DAC,1.965134434,0,0,0
780,PkBudg500,2040,1.75712,330,JPN,PSC,0.011110411,0,0,0
781,PkBudg500,2040,1.75712,330,CAZ,DAC,2.40462666,0,0,0
782,PkBudg500,2040,1.75712,330,LAM,DAC,6.3630017,0,0,0
783,PkBudg500,2040,1.75712,330,OAS,PSC,13.23602372,0,0,0
784,PkBudg500,2040,1.75712,330,CHA,PSC,13.34109342,0,0,0
785,PkBudg500,2040,1.75712,330,USA,DAC,11.61042493,0,0,0
786,PkBudg500,2040,1.75712,330,SSA,PSC,0.755222954,0,0,0
787,PkBudg500,2040,1.75712,330,SSA,DAC,3.280449903,0,0,0
788,PkBudg500,2040,1.75712,330,MEA,PSC,3.491903662,0,0,0
789,PkBudg500,2040,1.75712,330,EUR,PSC,0.16975296,0,0,0
790,PkBudg500,2040,1.75712,330,CAZ,PSC,0.00765807,0,0,0
791,PkBudg500,2040,1.75712,330,CHA,DAC,12.5405964,0,0,0
792,PkBudg500,2040,1.75712,330,LAM,PSC,0.0091607,0,0,0
793,PkBudg500,2040,1.75712,330,NEU,PSC,1.443437317,0,0,0
794,PkBudg500,2040,1.75712,330,EUR,DAC,9.145445454,0,0,0
795,PkBudg500,2040,1.75712,330,NEU,DAC,0,0,0,0
796,PkBudg500,2040,1.75712,330,OAS,DAC,0,0,0,0
797,PkBudg500,2040,1.75712,330,REF,DAC,2.921756091,0,0,0
798,PkBudg500,2040,1.75712,330,USA,PSC,0.040428025,0,0,0
799,PkBudg500,2040,1.75712,330,methanol production,BAU,236.6576646,883.4850653,194.2326509,194.2341204
800,PkBudg500,2040,1.812418,340,CHA,DAC,13.27475303,0,0,0
801,PkBudg500,2040,1.812418,340,CAZ,PSC,0.007662232,0,0,0
802,PkBudg500,2040,1.812418,340,CAZ,DAC,2.480541384,0,0,0
803,PkBudg500,2040,1.812418,340,MEA,PSC,3.493801245,0,0,0
804,PkBudg500,2040,1.812418,340,JPN,DAC,2.027266729,0,0,0
805,PkBudg500,2040,1.812418,340,SSA,DAC,3.40332937,0,0,0
806,PkBudg500,2040,1.812418,340,IND,PSC,0.013155975,0,0,0
807,PkBudg500,2040,1.812418,340,JPN,PSC,0.011116448,0,0,0
808,PkBudg500,2040,1.812418,340,REF,PSC,0.307299162,0,0,0
809,PkBudg500,2040,1.812418,340,EUR,PSC,0.169869284,0,0,0
810,PkBudg500,2040,1.812418,340,OAS,DAC,0,0,0,0
811,PkBudg500,2040,1.812418,340,IND,DAC,8.6092854,0,0,0
812,PkBudg500,2040,1.812418,340,CHA,PSC,13.34834329,0,0,0
813,PkBudg500,2040,1.812418,340,REF,DAC,3.021546437,0,0,0
814,PkBudg500,2040,1.812418,340,USA,DAC,11.97707967,0,0,0
815,PkBudg500,2040,1.812418,340,EUR,DAC,9.437564075,0,0,0
816,PkBudg500,2040,1.812418,340,SSA,PSC,0.75563336,0,0,0
817,PkBudg500,2040,1.812418,340,OAS,PSC,13.65256948,0,0,0
818,PkBudg500,2040,1.812418,340,USA,PSC,0.040449994,0,0,0
819,PkBudg500,2040,1.812418,340,NEU,PSC,1.488953156,0,0,0
820,PkBudg500,2040,1.812418,340,NEU,DAC,0,0,0,0
821,PkBudg500,2040,1.812418,340,LAM,PSC,0.009165678,0,0,0
822,PkBudg500,2040,1.812418,340,MEA,DAC,3.974001968,0,0,0
823,PkBudg500,2040,1.812418,340,LAM,DAC,6.563583707,0,0,0
824,PkBudg500,2040,1.812418,340,methanol production,BAU,243.7617271,911.2886741,200.1184889,200.1198806
825,PkBudg500,2040,1.867716,350,USA,PSC,0.040471964,0,0,0
826,PkBudg500,2040,1.867716,350,REF,PSC,0.307514283,0,0,0
827,PkBudg500,2040,1.867716,350,JPN,PSC,0.011122486,0,0,0
828,PkBudg500,2040,1.867716,350,IND,PSC,0.01316312,0,0,0
829,PkBudg500,2040,1.867716,350,MEA,PSC,3.495698861,0,0,0
830,PkBudg500,2040,1.867716,350,USA,DAC,12.34374072,0,0,0
831,PkBudg500,2040,1.867716,350,LAM,DAC,6.764169162,0,0,0
832,PkBudg500,2040,1.867716,350,EUR,DAC,9.729687714,0,0,0
833,PkBudg500,2040,1.867716,350,EUR,PSC,0.169985609,0,0,0
834,PkBudg500,2040,1.867716,350,OAS,PSC,14.0691224,0,0,0
835,PkBudg500,2040,1.867716,350,MEA,DAC,4.182569082,0,0,0
836,PkBudg500,2040,1.867716,350,JPN,DAC,2.089400093,0,0,0
837,PkBudg500,2040,1.867716,350,SSA,PSC,0.756043774,0,0,0
838,PkBudg500,2040,1.867716,350,CAZ,PSC,0.007666393,0,0,0
839,PkBudg500,2040,1.867716,350,NEU,DAC,0,0,0,0
840,PkBudg500,2040,1.867716,350,LAM,PSC,0.009170656,0,0,0
841,PkBudg500,2040,1.867716,350,CAZ,DAC,2.556457413,0,0,0
842,PkBudg500,2040,1.867716,350,IND,DAC,8.872298115,0,0,0
843,PkBudg500,2040,1.867716,350,CHA,DAC,14.00892228,0,0,0
844,PkBudg500,2040,1.867716,350,OAS,DAC,0,0,0,0
845,PkBudg500,2040,1.867716,350,SSA,DAC,3.526210925,0,0,0
846,PkBudg500,2040,1.867716,350,REF,DAC,3.121338499,0,0,0
847,PkBudg500,2040,1.867716,350,CHA,PSC,13.35559328,0,0,0
848,PkBudg500,2040,1.867716,350,NEU,PSC,1.534469777,0,0,0
849,PkBudg500,2040,1.867716,350,methanol production,BAU,250.8657399,939.0927608,206.0043268,206.0057402
850,PkBudg500,2040,1.923017,360,CAZ,DAC,2.632377286,0,0,0
851,PkBudg500,2040,1.923017,360,SSA,PSC,0.756454208,0,0,0
852,PkBudg500,2040,1.923017,360,REF,DAC,3.221135617,0,0,0
853,PkBudg500,2040,1.923017,360,EUR,DAC,10.02182614,0,0,0
854,PkBudg500,2040,1.923017,360,LAM,DAC,6.964764774,0,0,0
855,PkBudg500,2040,1.923017,360,REF,PSC,0.307729414,0,0,0
856,PkBudg500,2040,1.923017,360,CHA,DAC,14.7431287,0,0,0
857,PkBudg500,2040,1.923017,360,JPN,PSC,0.011128524,0,0,0
858,PkBudg500,2040,1.923017,360,MEA,PSC,3.497596574,0,0,0
859,PkBudg500,2040,1.923017,360,NEU,PSC,1.579988704,0,0,0
860,PkBudg500,2040,1.923017,360,CHA,PSC,13.36284364,0,0,0
861,PkBudg500,2040,1.923017,360,IND,PSC,0.013170266,0,0,0
862,PkBudg500,2040,1.923017,360,CAZ,PSC,0.007670555,0,0,0
863,PkBudg500,2040,1.923017,360,OAS,DAC,0,0,0,0
864,PkBudg500,2040,1.923017,360,USA,DAC,12.71042033,0,0,0
865,PkBudg500,2040,1.923017,360,OAS,PSC,14.48569642,0,0,0
866,PkBudg500,2040,1.923017,360,MEA,DAC,4.391146759,0,0,0
867,PkBudg500,2040,1.923017,360,SSA,DAC,3.649098631,0,0,0
868,PkBudg500,2040,1.923017,360,EUR,PSC,0.17010194,0,0,0
869,PkBudg500,2040,1.923017,360,LAM,PSC,0.009175635,0,0,0
870,PkBudg500,2040,1.923017,360,IND,DAC,9.135324152,0,0,0
871,PkBudg500,2040,1.923017,360,JPN,DAC,2.151536603,0,0,0
872,PkBudg500,2040,1.923017,360,NEU,DAC,0,0,0,0
873,PkBudg500,2040,1.923017,360,USA,PSC,0.040493935,0,0,0
874,PkBudg500,2040,1.923017,360,methanol production,BAU,257.9696061,966.8982557,211.8901647,211.8918928
875,PkBudg500,2040,1.979149,370,SSA,DAC,3.773830513,0,0,0
876,PkBudg500,2040,1.979149,370,MEA,PSC,3.499522796,0,0,0
877,PkBudg500,2040,1.979149,370,USA,DAC,13.08270779,0,0,0
878,PkBudg500,2040,1.979149,370,CAZ,PSC,0.00767478,0,0,0
879,PkBudg500,2040,1.979149,370,JPN,DAC,2.214609087,0,0,0
880,PkBudg500,2040,1.979149,370,EUR,DAC,10.31835374,0,0,0
881,PkBudg500,2040,1.979149,370,OAS,DAC,0.175619035,0,0,0
882,PkBudg500,2040,1.979149,370,REF,PSC,0.307947198,0,0,0
883,PkBudg500,2040,1.979149,370,EUR,PSC,0.170219738,0,0,0
884,PkBudg500,2040,1.979149,370,LAM,DAC,7.168413593,0,0,0
885,PkBudg500,2040,1.979149,370,NEU,DAC,0,0,0,0
886,PkBudg500,2040,1.979149,370,LAM,PSC,0.009180688,0,0,0
887,PkBudg500,2040,1.979149,370,IND,DAC,9.402304343,0,0,0
888,PkBudg500,2040,1.979149,370,REF,DAC,3.322434697,0,0,0
889,PkBudg500,2040,1.979149,370,SSA,PSC,0.756870808,0,0,0
890,PkBudg500,2040,1.979149,370,OAS,PSC,14.69558746,0,0,0
891,PkBudg500,2040,1.979149,370,USA,PSC,0.040516236,0,0,0
892,PkBudg500,2040,1.979149,370,CHA,PSC,13.37020293,0,0,0
893,PkBudg500,2040,1.979149,370,NEU,PSC,1.62622594,0,0,0
894,PkBudg500,2040,1.979149,370,MEA,DAC,4.602866632,0,0,0
895,PkBudg500,2040,1.979149,370,CAZ,DAC,2.709455727,0,0,0
896,PkBudg500,2040,1.979149,370,JPN,PSC,0.011134653,0,0,0
897,PkBudg500,2040,1.979149,370,CHA,DAC,15.48841413,0,0,0
898,PkBudg500,2040,1.979149,370,IND,PSC,0.013177519,0,0,0
899,PkBudg500,2040,1.979149,370,methanol production,BAU,265.0670192,995.1214857,217.7760026,217.7801171
900,PkBudg500,2040,2.036045,380,REF,DAC,3.425116008,0,0,0
901,PkBudg500,2040,2.036045,380,CAZ,PSC,0.007679062,0,0,0
902,PkBudg500,2040,2.036045,380,MEA,PSC,3.501475254,0,0,0
903,PkBudg500,2040,2.036045,380,USA,PSC,0.040538841,0,0,0
904,PkBudg500,2040,2.036045,380,JPN,DAC,2.278542988,0,0,0
905,PkBudg500,2040,2.036045,380,LAM,PSC,0.00918581,0,0,0
906,PkBudg500,2040,2.036045,380,MEA,DAC,4.817478421,0,0,0
907,PkBudg500,2040,2.036045,380,CHA,PSC,13.37766244,0,0,0
908,PkBudg500,2040,2.036045,380,OAS,DAC,0.52232906,0,0,0
909,PkBudg500,2040,2.036045,380,OAS,PSC,14.70378644,0,0,0
910,PkBudg500,2040,2.036045,380,EUR,PSC,0.17033888,0,0,0
911,PkBudg500,2040,2.036045,380,SSA,PSC,0.757293082,0,0,0
912,PkBudg500,2040,2.036045,380,JPN,PSC,0.011140865,0,0,0
913,PkBudg500,2040,2.036045,380,USA,DAC,13.46016103,0,0,0
914,PkBudg500,2040,2.036045,380,NEU,DAC,0,0,0,0
915,PkBudg500,2040,2.036045,380,SSA,DAC,3.900260462,0,0,0
916,PkBudg500,2040,2.036045,380,REF,PSC,0.308167416,0,0,0
917,PkBudg500,2040,2.036045,380,IND,PSC,0.013184871,0,0,0
918,PkBudg500,2040,2.036045,380,CHA,DAC,16.24389738,0,0,0
919,PkBudg500,2040,2.036045,380,NEU,PSC,1.673126022,0,0,0
920,PkBudg500,2040,2.036045,380,LAM,DAC,7.374874147,0,0,0
921,PkBudg500,2040,2.036045,380,EUR,DAC,10.61892045,0,0,0
922,PkBudg500,2040,2.036045,380,CAZ,DAC,2.787601277,0,0,0
923,PkBudg500,2040,2.036045,380,IND,DAC,9.672923299,0,0,0
924,PkBudg500,2040,2.036045,380,methanol production,BAU,272.1604947,1023.729117,223.6618405,223.6656662
925,PkBudg500,2040,2.092941,390,SSA,DAC,4.026690963,0,0,0
926,PkBudg500,2040,2.092941,390,NEU,PSC,1.720026312,0,0,0
927,PkBudg500,2040,2.092941,390,OAS,PSC,14.71198546,0,0,0
928,PkBudg500,2040,2.092941,390,REF,PSC,0.308387635,0,0,0
929,PkBudg500,2040,2.092941,390,IND,PSC,0.013192223,0,0,0
930,PkBudg500,2040,2.092941,390,JPN,DAC,2.34247717,0,0,0
931,PkBudg500,2040,2.092941,390,SSA,PSC,0.757715358,0,0,0
932,PkBudg500,2040,2.092941,390,REF,DAC,3.527797772,0,0,0
933,PkBudg500,2040,2.092941,390,USA,DAC,13.83761594,0,0,0
934,PkBudg500,2040,2.092941,390,OAS,DAC,0.869040614,0,0,0
935,PkBudg500,2040,2.092941,390,EUR,DAC,10.91948848,0,0,0
936,PkBudg500,2040,2.092941,390,MEA,PSC,3.50342772,0,0,0
937,PkBudg500,2040,2.092941,390,EUR,PSC,0.170458024,0,0,0
938,PkBudg500,2040,2.092941,390,LAM,PSC,0.009190932,0,0,0
939,PkBudg500,2040,2.092941,390,CAZ,DAC,2.86574717,0,0,0
940,PkBudg500,2040,2.092941,390,NEU,DAC,0,0,0,0
941,PkBudg500,2040,2.092941,390,JPN,PSC,0.011147078,0,0,0
942,PkBudg500,2040,2.092941,390,CAZ,PSC,0.007683343,0,0,0
943,PkBudg500,2040,2.092941,390,MEA,DAC,5.032091156,0,0,0
944,PkBudg500,2040,2.092941,390,IND,DAC,9.943543449,0,0,0
945,PkBudg500,2040,2.092941,390,CHA,DAC,16.99938397,0,0,0
946,PkBudg500,2040,2.092941,390,CHA,PSC,13.385122,0,0,0
947,PkBudg500,2040,2.092941,390,LAM,DAC,7.581335611,0,0,0
948,PkBudg500,2040,2.092941,390,USA,PSC,0.040561446,0,0,0
949,PkBudg500,2040,2.092941,390,methanol production,BAU,279.2539575,1052.336875,229.5476784,229.5512409
950,PkBudg500,2040,2.149838,400,NEU,PSC,1.766926785,0,0,0
951,PkBudg500,2040,2.149838,400,JPN,PSC,0.01115329,0,0,0
952,PkBudg500,2040,2.149838,400,REF,DAC,3.630479937,0,0,0
953,PkBudg500,2040,2.149838,400,MEA,PSC,3.505380194,0,0,0
954,PkBudg500,2040,2.149838,400,NEU,DAC,0,0,0,0
955,PkBudg500,2040,2.149838,400,CAZ,DAC,2.94389337,0,0,0
956,PkBudg500,2040,2.149838,400,REF,PSC,0.308607855,0,0,0
957,PkBudg500,2040,2.149838,400,OAS,PSC,14.7201845,0,0,0
958,PkBudg500,2040,2.149838,400,JPN,DAC,2.406411602,0,0,0
959,PkBudg500,2040,2.149838,400,CAZ,PSC,0.007687625,0,0,0
960,PkBudg500,2040,2.149838,400,USA,DAC,14.21507232,0,0,0
961,PkBudg500,2040,2.149838,400,MEA,DAC,5.246704731,0,0,0
962,PkBudg500,2040,2.149838,400,LAM,PSC,0.009196054,0,0,0
963,PkBudg500,2040,2.149838,400,SSA,DAC,4.153121953,0,0,0
964,PkBudg500,2040,2.149838,400,EUR,DAC,11.22005768,0,0,0
965,PkBudg500,2040,2.149838,400,SSA,PSC,0.758137636,0,0,0
966,PkBudg500,2040,2.149838,400,EUR,PSC,0.170577167,0,0,0
967,PkBudg500,2040,2.149838,400,CHA,DAC,17.75487351,0,0,0
968,PkBudg500,2040,2.149838,400,LAM,DAC,7.787797883,0,0,0
969,PkBudg500,2040,2.149838,400,USA,PSC,0.040584051,0,0,0
970,PkBudg500,2040,2.149838,400,IND,PSC,0.013199575,0,0,0
971,PkBudg500,2040,2.149838,400,OAS,DAC,1.215753524,0,0,0
972,PkBudg500,2040,2.149838,400,CHA,PSC,13.39258158,0,0,0
973,PkBudg500,2040,2.149838,400,IND,DAC,10.21416466,0,0,0
974,PkBudg500,2040,2.149838,400,methanol production,BAU,286.3474088,1080.944744,235.4335163,235.4368381
975,PkBudg500,2040,2.206735,410,MEA,PSC,3.507332675,0,0,0
976,PkBudg500,2040,2.206735,410,CHA,PSC,13.40004118,0,0,0
977,PkBudg500,2040,2.206735,410,CAZ,DAC,3.022039841,0,0,0
978,PkBudg500,2040,2.206735,410,JPN,PSC,0.011159502,0,0,0
979,PkBudg500,2040,2.206735,410,LAM,PSC,0.009201177,0,0,0
980,PkBudg500,2040,2.206735,410,MEA,DAC,5.461319054,0,0,0
981,PkBudg500,2040,2.206735,410,IND,DAC,10.48478681,0,0,0
982,PkBudg500,2040,2.206735,410,LAM,DAC,7.994260875,0,0,0
983,PkBudg500,2040,2.206735,410,CHA,DAC,18.51036568,0,0,0
984,PkBudg500,2040,2.206735,410,USA,PSC,0.040606656,0,0,0
985,PkBudg500,2040,2.206735,410,JPN,DAC,2.470346257,0,0,0
986,PkBudg500,2040,2.206735,410,REF,DAC,3.733162461,0,0,0
987,PkBudg500,2040,2.206735,410,USA,DAC,14.59253002,0,0,0
988,PkBudg500,2040,2.206735,410,REF,PSC,0.308828075,0,0,0
989,PkBudg500,2040,2.206735,410,CAZ,PSC,0.007691907,0,0,0
990,PkBudg500,2040,2.206735,410,OAS,PSC,14.72838358,0,0,0
991,PkBudg500,2040,2.206735,410,OAS,DAC,1.562467643,0,0,0
992,PkBudg500,2040,2.206735,410,NEU,PSC,1.813827421,0,0,0
993,PkBudg500,2040,2.206735,410,EUR,DAC,11.52062793,0,0,0
994,PkBudg500,2040,2.206735,410,IND,PSC,0.013206927,0,0,0
995,PkBudg500,2040,2.206735,410,NEU,DAC,0,0,0,0
996,PkBudg500,2040,2.206735,410,EUR,PSC,0.170696311,0,0,0
997,PkBudg500,2040,2.206735,410,SSA,DAC,4.279553378,0,0,0
998,PkBudg500,2040,2.206735,410,SSA,PSC,0.758559915,0,0,0
999,PkBudg500,2040,2.206735,410,methanol production,BAU,293.4408501,1109.552713,241.3193542,241.3224556
1000,PkBudg500,2040,2.263632,420,LAM,DAC,8.200724508,0,0,0
1001,PkBudg500,2040,2.263632,420,OAS,DAC,1.90918284,0,0,0
1002,PkBudg500,2040,2.263632,420,IND,DAC,10.7554098,0,0,0
1003,PkBudg500,2040,2.263632,420,JPN,PSC,0.011165715,0,0,0
1004,PkBudg500,2040,2.263632,420,CAZ,PSC,0.007696189,0,0,0
1005,PkBudg500,2040,2.263632,420,SSA,DAC,4.405985192,0,0,0
1006,PkBudg500,2040,2.263632,420,MEA,PSC,3.509285162,0,0,0
1007,PkBudg500,2040,2.263632,420,EUR,PSC,0.170815456,0,0,0
1008,PkBudg500,2040,2.263632,420,REF,PSC,0.309048296,0,0,0
1009,PkBudg500,2040,2.263632,420,CAZ,DAC,3.100186556,0,0,0
1010,PkBudg500,2040,2.263632,420,USA,PSC,0.040629261,0,0,0
1011,PkBudg500,2040,2.263632,420,NEU,PSC,1.860728203,0,0,0
1012,PkBudg500,2040,2.263632,420,IND,PSC,0.01321428,0,0,0
1013,PkBudg500,2040,2.263632,420,CHA,PSC,13.40750081,0,0,0
1014,PkBudg500,2040,2.263632,420,OAS,PSC,14.73658268,0,0,0
1015,PkBudg500,2040,2.263632,420,REF,DAC,3.835845304,0,0,0
1016,PkBudg500,2040,2.263632,420,USA,DAC,14.96998889,0,0,0
1017,PkBudg500,2040,2.263632,420,JPN,DAC,2.534281111,0,0,0
1018,PkBudg500,2040,2.263632,420,EUR,DAC,11.82119912,0,0,0
1019,PkBudg500,2040,2.263632,420,LAM,PSC,0.009206299,0,0,0
1020,PkBudg500,2040,2.263632,420,CHA,DAC,19.2658602,0,0,0
1021,PkBudg500,2040,2.263632,420,SSA,PSC,0.758982196,0,0,0
1022,PkBudg500,2040,2.263632,420,NEU,DAC,0,0,0,0
1023,PkBudg500,2040,2.263632,420,MEA,DAC,5.675934044,0,0,0
1024,PkBudg500,2040,2.263632,420,methanol production,BAU,300.5342823,1138.160771,247.2051921,247.208091
1025,PkBudg500,2040,2.32053,430,MEA,DAC,5.890549632,0,0,0
1026,PkBudg500,2040,2.32053,430,JPN,DAC,2.598216143,0,0,0
1027,PkBudg500,2040,2.32053,430,CAZ,DAC,3.178333488,0,0,0
1028,PkBudg500,2040,2.32053,430,IND,DAC,11.02603355,0,0,0
1029,PkBudg500,2040,2.32053,430,EUR,PSC,0.1709346,0,0,0
1030,PkBudg500,2040,2.32053,430,CAZ,PSC,0.007700471,0,0,0
1031,PkBudg500,2040,2.32053,430,SSA,PSC,0.759404477,0,0,0
1032,PkBudg500,2040,2.32053,430,LAM,DAC,8.407188716,0,0,0
1033,PkBudg500,2040,2.32053,430,REF,PSC,0.309268517,0,0,0
1034,PkBudg500,2040,2.32053,430,EUR,DAC,12.12177114,0,0,0
1035,PkBudg500,2040,2.32053,430,CHA,PSC,13.41496047,0,0,0
1036,PkBudg500,2040,2.32053,430,IND,PSC,0.013221632,0,0,0
1037,PkBudg500,2040,2.32053,430,CHA,DAC,20.02135682,0,0,0
1038,PkBudg500,2040,2.32053,430,MEA,PSC,3.511237654,0,0,0
1039,PkBudg500,2040,2.32053,430,SSA,DAC,4.532417353,0,0,0
1040,PkBudg500,2040,2.32053,430,REF,DAC,3.938528432,0,0,0
1041,PkBudg500,2040,2.32053,430,NEU,DAC,0,0,0,0
1042,PkBudg500,2040,2.32053,430,LAM,PSC,0.009211421,0,0,0
1043,PkBudg500,2040,2.32053,430,NEU,PSC,1.907629116,0,0,0
1044,PkBudg500,2040,2.32053,430,OAS,PSC,14.7447818,0,0,0
1045,PkBudg500,2040,2.32053,430,USA,PSC,0.040651867,0,0,0
1046,PkBudg500,2040,2.32053,430,JPN,PSC,0.011171927,0,0,0
1047,PkBudg500,2040,2.32053,430,USA,DAC,15.34744881,0,0,0
1048,PkBudg500,2040,2.32053,430,OAS,DAC,2.255899002,0,0,0
1049,PkBudg500,2040,2.32053,430,methanol production,BAU,307.6277064,1166.768909,253.09103,253.0937425
1050,PkBudg500,2040,2.377427,440,USA,PSC,0.040674472,0,0,0
1051,PkBudg500,2040,2.377427,440,MEA,PSC,3.513190151,0,0,0
1052,PkBudg500,2040,2.377427,440,CAZ,PSC,0.007704753,0,0,0
1053,PkBudg500,2040,2.377427,440,IND,DAC,11.29665797,0,0,0
1054,PkBudg500,2040,2.377427,440,CHA,DAC,20.77685532,0,0,0
1055,PkBudg500,2040,2.377427,440,USA,DAC,15.72490967,0,0,0
1056,PkBudg500,2040,2.377427,440,IND,PSC,0.013228984,0,0,0
1057,PkBudg500,2040,2.377427,440,LAM,PSC,0.009216543,0,0,0
1058,PkBudg500,2040,2.377427,440,EUR,PSC,0.171053745,0,0,0
1059,PkBudg500,2040,2.377427,440,REF,PSC,0.309488739,0,0,0
1060,PkBudg500,2040,2.377427,440,NEU,PSC,1.954530146,0,0,0
1061,PkBudg500,2040,2.377427,440,CAZ,DAC,3.256480615,0,0,0
1062,PkBudg500,2040,2.377427,440,CHA,PSC,13.42242013,0,0,0
1063,PkBudg500,2040,2.377427,440,JPN,DAC,2.662151335,0,0,0
1064,PkBudg500,2040,2.377427,440,OAS,PSC,14.75298095,0,0,0
1065,PkBudg500,2040,2.377427,440,JPN,PSC,0.011178139,0,0,0
1066,PkBudg500,2040,2.377427,440,REF,DAC,4.041211818,0,0,0
1067,PkBudg500,2040,2.377427,440,LAM,DAC,8.613653439,0,0,0
1068,PkBudg500,2040,2.377427,440,SSA,DAC,4.658849828,0,0,0
1069,PkBudg500,2040,2.377427,440,SSA,PSC,0.75982676,0,0,0
1070,PkBudg500,2040,2.377427,440,EUR,DAC,12.42234391,0,0,0
1071,PkBudg500,2040,2.377427,440,NEU,DAC,0,0,0,0
1072,PkBudg500,2040,2.377427,440,OAS,DAC,2.602616031,0,0,0
1073,PkBudg500,2040,2.377427,440,MEA,DAC,6.105165756,0,0,0
1074,PkBudg500,2040,2.377427,440,methanol production,BAU,314.7211233,1195.377118,258.9768679,258.9794084
1075,PkBudg500,2040,2.434325,450,CAZ,DAC,3.334627918,0,0,0
1076,PkBudg500,2040,2.434325,450,EUR,PSC,0.17117289,0,0,0
1077,PkBudg500,2040,2.434325,450,CHA,DAC,21.53235553,0,0,0
1078,PkBudg500,2040,2.434325,450,NEU,PSC,2.001431282,0,0,0
1079,PkBudg500,2040,2.434325,450,CHA,PSC,13.42987982,0,0,0
1080,PkBudg500,2040,2.434325,450,NEU,DAC,0,0,0,0
1081,PkBudg500,2040,2.434325,450,OAS,DAC,2.949333839,0,0,0
1082,PkBudg500,2040,2.434325,450,MEA,PSC,3.515142653,0,0,0
1083,PkBudg500,2040,2.434325,450,SSA,DAC,4.785282583,0,0,0
1084,PkBudg500,2040,2.434325,450,LAM,DAC,8.820118627,0,0,0
1085,PkBudg500,2040,2.434325,450,USA,PSC,0.040697077,0,0,0
1086,PkBudg500,2040,2.434325,450,LAM,PSC,0.009221665,0,0,0
1087,PkBudg500,2040,2.434325,450,MEA,DAC,6.319782362,0,0,0
1088,PkBudg500,2040,2.434325,450,IND,DAC,11.567283,0,0,0
1089,PkBudg500,2040,2.434325,450,EUR,DAC,12.72291736,0,0,0
1090,PkBudg500,2040,2.434325,450,IND,PSC,0.013236336,0,0,0
1091,PkBudg500,2040,2.434325,450,JPN,DAC,2.72608667,0,0,0
1092,PkBudg500,2040,2.434325,450,SSA,PSC,0.760249044,0,0,0
1093,PkBudg500,2040,2.434325,450,OAS,PSC,14.76118011,0,0,0
1094,PkBudg500,2040,2.434325,450,REF,DAC,4.143895434,0,0,0
1095,PkBudg500,2040,2.434325,450,CAZ,PSC,0.007709035,0,0,0
1096,PkBudg500,2040,2.434325,450,JPN,PSC,0.011184352,0,0,0
1097,PkBudg500,2040,2.434325,450,USA,DAC,16.10237139,0,0,0
1098,PkBudg500,2040,2.434325,450,REF,PSC,0.309708962,0,0,0
1099,PkBudg500,2040,2.434325,450,methanol production,BAU,321.8145336,1223.985392,264.8627058,264.8650874
1100,PkBudg500,2040,2.491223,460,SSA,PSC,0.760671328,0,0,0
1101,PkBudg500,2040,2.491223,460,USA,DAC,16.47983386,0,0,0
1102,PkBudg500,2040,2.491223,460,EUR,DAC,13.02349142,0,0,0
1103,PkBudg500,2040,2.491223,460,USA,PSC,0.040719683,0,0,0
1104,PkBudg500,2040,2.491223,460,JPN,DAC,2.790022135,0,0,0
1105,PkBudg500,2040,2.491223,460,SSA,DAC,4.911715592,0,0,0
1106,PkBudg500,2040,2.491223,460,MEA,PSC,3.517095159,0,0,0
1107,PkBudg500,2040,2.491223,460,CHA,DAC,22.28785727,0,0,0
1108,PkBudg500,2040,2.491223,460,NEU,PSC,2.048332512,0,0,0
1109,PkBudg500,2040,2.491223,460,REF,DAC,4.246579259,0,0,0
1110,PkBudg500,2040,2.491223,460,IND,PSC,0.013243688,0,0,0
1111,PkBudg500,2040,2.491223,460,OAS,PSC,14.76937929,0,0,0
1112,PkBudg500,2040,2.491223,460,JPN,PSC,0.011190564,0,0,0
1113,PkBudg500,2040,2.491223,460,OAS,DAC,3.29605235,0,0,0
1114,PkBudg500,2040,2.491223,460,LAM,DAC,9.026584234,0,0,0
1115,PkBudg500,2040,2.491223,460,MEA,DAC,6.534399404,0,0,0
1116,PkBudg500,2040,2.491223,460,EUR,PSC,0.171292036,0,0,0
1117,PkBudg500,2040,2.491223,460,LAM,PSC,0.009226788,0,0,0
1118,PkBudg500,2040,2.491223,460,IND,DAC,11.83790858,0,0,0
1119,PkBudg500,2040,2.491223,460,CAZ,PSC,0.007713317,0,0,0
1120,PkBudg500,2040,2.491223,460,CAZ,DAC,3.412775379,0,0,0
1121,PkBudg500,2040,2.491223,460,REF,PSC,0.309929185,0,0,0
1122,PkBudg500,2040,2.491223,460,CHA,PSC,13.43733952,0,0,0
1123,PkBudg500,2040,2.491223,460,NEU,DAC,0,0,0,0
1124,PkBudg500,2040,2.491223,460,methanol production,BAU,328.9079381,1252.593723,270.7485437,270.750778
1125,PkBudg500,2040,2.54812,470,USA,DAC,16.85729703,0,0,0
1126,PkBudg500,2040,2.54812,470,NEU,PSC,2.095233829,0,0,0
1127,PkBudg500,2040,2.54812,470,SSA,PSC,0.761093614,0,0,0
1128,PkBudg500,2040,2.54812,470,IND,PSC,0.01325104,0,0,0
1129,PkBudg500,2040,2.54812,470,MEA,DAC,6.74901684,0,0,0
1130,PkBudg500,2040,2.54812,470,LAM,PSC,0.00923191,0,0,0
1131,PkBudg500,2040,2.54812,470,CAZ,DAC,3.490922984,0,0,0
1132,PkBudg500,2040,2.54812,470,OAS,DAC,3.642771498,0,0,0
1133,PkBudg500,2040,2.54812,470,MEA,PSC,3.519047668,0,0,0
1134,PkBudg500,2040,2.54812,470,REF,PSC,0.310149408,0,0,0
1135,PkBudg500,2040,2.54812,470,REF,DAC,4.349263272,0,0,0
1136,PkBudg500,2040,2.54812,470,CHA,PSC,13.44479924,0,0,0
1137,PkBudg500,2040,2.54812,470,OAS,PSC,14.77757849,0,0,0
1138,PkBudg500,2040,2.54812,470,LAM,DAC,9.233050219,0,0,0
1139,PkBudg500,2040,2.54812,470,IND,DAC,12.10853466,0,0,0
1140,PkBudg500,2040,2.54812,470,USA,PSC,0.040742288,0,0,0
1141,PkBudg500,2040,2.54812,470,CHA,DAC,23.04336039,0,0,0
1142,PkBudg500,2040,2.54812,470,CAZ,PSC,0.007717599,0,0,0
1143,PkBudg500,2040,2.54812,470,EUR,PSC,0.171411181,0,0,0
1144,PkBudg500,2040,2.54812,470,NEU,DAC,0,0,0,0
1145,PkBudg500,2040,2.54812,470,SSA,DAC,5.03814883,0,0,0
1146,PkBudg500,2040,2.54812,470,JPN,DAC,2.853957718,0,0,0
1147,PkBudg500,2040,2.54812,470,JPN,PSC,0.011196777,0,0,0
1148,PkBudg500,2040,2.54812,470,EUR,DAC,13.32406603,0,0,0
1149,PkBudg500,2040,2.54812,470,methanol production,BAU,336.0013372,1281.202107,276.6343817,276.6364793
1150,PkBudg500,2040,2.605018,480,CHA,PSC,13.45225897,0,0,0
1151,PkBudg500,2040,2.605018,480,IND,DAC,12.37916119,0,0,0
1152,PkBudg500,2040,2.605018,480,IND,PSC,0.013258393,0,0,0
1153,PkBudg500,2040,2.605018,480,MEA,DAC,6.963634632,0,0,0
1154,PkBudg500,2040,2.605018,480,JPN,DAC,2.917893406,0,0,0
1155,PkBudg500,2040,2.605018,480,LAM,DAC,9.439516547,0,0,0
1156,PkBudg500,2040,2.605018,480,REF,PSC,0.310369631,0,0,0
1157,PkBudg500,2040,2.605018,480,SSA,DAC,5.164582276,0,0,0
1158,PkBudg500,2040,2.605018,480,REF,DAC,4.451947456,0,0,0
1159,PkBudg500,2040,2.605018,480,LAM,PSC,0.009237032,0,0,0
1160,PkBudg500,2040,2.605018,480,NEU,PSC,2.142135223,0,0,0
1161,PkBudg500,2040,2.605018,480,MEA,PSC,3.52100018,0,0,0
1162,PkBudg500,2040,2.605018,480,CHA,DAC,23.79886477,0,0,0
1163,PkBudg500,2040,2.605018,480,CAZ,PSC,0.007721882,0,0,0
1164,PkBudg500,2040,2.605018,480,NEU,DAC,0,0,0,0
1165,PkBudg500,2040,2.605018,480,EUR,PSC,0.171530327,0,0,0
1166,PkBudg500,2040,2.605018,480,USA,PSC,0.040764894,0,0,0
1167,PkBudg500,2040,2.605018,480,OAS,PSC,14.78577769,0,0,0
1168,PkBudg500,2040,2.605018,480,SSA,PSC,0.7615159,0,0,0
1169,PkBudg500,2040,2.605018,480,EUR,DAC,13.62464114,0,0,0
1170,PkBudg500,2040,2.605018,480,CAZ,DAC,3.569070718,0,0,0
1171,PkBudg500,2040,2.605018,480,OAS,DAC,3.989491222,0,0,0
1172,PkBudg500,2040,2.605018,480,USA,DAC,17.23476083,0,0,0
1173,PkBudg500,2040,2.605018,480,JPN,PSC,0.011202989,0,0,0
1174,PkBudg500,2040,2.605018,480,methanol production,BAU,343.0947315,1309.810539,282.5202196,282.5221902
1175,PkBudg500,2040,2.661916,490,IND,PSC,0.013265745,0,0,0
1176,PkBudg500,2040,2.661916,490,JPN,DAC,2.981829192,0,0,0
1177,PkBudg500,2040,2.661916,490,LAM,DAC,9.645983187,0,0,0
1178,PkBudg500,2040,2.661916,490,REF,PSC,0.310589855,0,0,0
1179,PkBudg500,2040,2.661916,490,REF,DAC,4.554631795,0,0,0
1180,PkBudg500,2040,2.661916,490,USA,DAC,17.6122252,0,0,0
1181,PkBudg500,2040,2.661916,490,LAM,PSC,0.009242154,0,0,0
1182,PkBudg500,2040,2.661916,490,JPN,PSC,0.011209201,0,0,0
1183,PkBudg500,2040,2.661916,490,MEA,PSC,3.522952695,0,0,0
1184,PkBudg500,2040,2.661916,490,OAS,PSC,14.79397691,0,0,0
1185,PkBudg500,2040,2.661916,490,USA,PSC,0.040787499,0,0,0
1186,PkBudg500,2040,2.661916,490,MEA,DAC,7.178252748,0,0,0
1187,PkBudg500,2040,2.661916,490,CAZ,PSC,0.007726164,0,0,0
1188,PkBudg500,2040,2.661916,490,OAS,DAC,4.336211469,0,0,0
1189,PkBudg500,2040,2.661916,490,NEU,PSC,2.189036689,0,0,0
1190,PkBudg500,2040,2.661916,490,SSA,DAC,5.29101591,0,0,0
1191,PkBudg500,2040,2.661916,490,SSA,PSC,0.761938186,0,0,0
1192,PkBudg500,2040,2.661916,490,EUR,DAC,13.9252167,0,0,0
1193,PkBudg500,2040,2.661916,490,CHA,PSC,13.4597187,0,0,0
1194,PkBudg500,2040,2.661916,490,NEU,DAC,0,0,0,0
1195,PkBudg500,2040,2.661916,490,EUR,PSC,0.171649473,0,0,0
1196,PkBudg500,2040,2.661916,490,IND,DAC,12.64978812,0,0,0
1197,PkBudg500,2040,2.661916,490,CAZ,DAC,3.647218571,0,0,0
1198,PkBudg500,2040,2.661916,490,CHA,DAC,24.55437029,0,0,0
1199,PkBudg500,2040,2.661916,490,methanol production,BAU,350.1881213,1338.419014,288.4060575,288.4079099
1200,PkBudg500,2040,2.719078,500,LAM,PSC,0.0092473,0,0,0
1201,PkBudg500,2040,2.719078,500,CAZ,DAC,3.725729029,0,0,0
1202,PkBudg500,2040,2.719078,500,NEU,DAC,0,0,0,0
1203,PkBudg500,2040,2.719078,500,USA,PSC,0.04081021,0,0,0
1204,PkBudg500,2040,2.719078,500,IND,PSC,0.013273131,0,0,0
1205,PkBudg500,2040,2.719078,500,OAS,PSC,14.80221419,0,0,0
1206,PkBudg500,2040,2.719078,500,CHA,DAC,25.31338091,0,0,0
1207,PkBudg500,2040,2.719078,500,EUR,DAC,14.22718642,0,0,0
1208,PkBudg500,2040,2.719078,500,SSA,DAC,5.418029723,0,0,0
1209,PkBudg500,2040,2.719078,500,JPN,DAC,3.046061745,0,0,0
1210,PkBudg500,2040,2.719078,500,CAZ,PSC,0.007730465,0,0,0
1211,PkBudg500,2040,2.719078,500,REF,DAC,4.657792861,0,0,0
1212,PkBudg500,2040,2.719078,500,MEA,DAC,7.393867029,0,0,0
1213,PkBudg500,2040,2.719078,500,IND,DAC,12.92167112,0,0,0
1214,PkBudg500,2040,2.719078,500,OAS,DAC,4.684541036,0,0,0
1215,PkBudg500,2040,2.719078,500,REF,PSC,0.310810965,0,0,0
1216,PkBudg500,2040,2.719078,500,CHA,PSC,13.46721307,0,0,0
1217,PkBudg500,2040,2.719078,500,LAM,DAC,9.853407935,0,0,0
1218,PkBudg500,2040,2.719078,500,EUR,PSC,0.17176911,0,0,0
1219,PkBudg500,2040,2.719078,500,USA,DAC,17.99144109,0,0,0
1220,PkBudg500,2040,2.719078,500,MEA,PSC,3.524914273,0,0,0
1221,PkBudg500,2040,2.719078,500,NEU,PSC,2.236155858,0,0,0
1222,PkBudg500,2040,2.719078,500,SSA,PSC,0.762362433,0,0,0
1223,PkBudg500,2040,2.719078,500,JPN,PSC,0.011215443,0,0,0
1224,PkBudg500,2040,2.719078,500,methanol production,BAU,357.2680264,1367.160268,294.2918954,294.3204716
